"truth_kernel","rep","n_fit","converged","hit_max","inla_failure","degenerate","min_sd","B","one_minus_B","ta","tau","fit_result"
"OU truth",1,3498,TRUE,FALSE,FALSE,FALSE,0.00646812993960523,0.999852935381949,0.000147064618050807,94.1593323630802,0.0138495430276509,"Converged"
"OU truth",2,1812,TRUE,FALSE,FALSE,FALSE,0.00856657458548542,0.999879772829106,0.000120227170894105,115.977955305221,0.0139453780657816,"Converged"
"OU truth",3,2900,TRUE,FALSE,FALSE,FALSE,0.00709451227605161,0.999820755286766,0.000179244713233828,65.860548582659,0.0118072715351217,"Converged"
"OU truth",4,6181,TRUE,FALSE,FALSE,FALSE,0.00478180991015103,0.999887498621378,0.000112501378621621,109.452743858557,0.0123149700291128,"Converged"
"OU truth",5,1853,TRUE,FALSE,FALSE,FALSE,0.00828177032402296,0.999921001571073,7.89984289268908e-05,166.099960852303,0.0131226726226705,"Converged"
"OU truth",6,2440,TRUE,FALSE,FALSE,FALSE,0.00757111046746028,0.999877843182669,0.000122156817331076,112.285709290061,0.0137181406430369,"Converged"
"OU truth",7,5368,TRUE,FALSE,FALSE,FALSE,0.00494336553178433,0.99993807238816,6.19276118395407e-05,175.764302859366,0.0108853376256855,"Converged"
"OU truth",8,3258,TRUE,FALSE,FALSE,FALSE,0.00672591941323205,0.999779718245377,0.000220281754623408,55.4280134439862,0.0122124702411041,"Converged"
"OU truth",9,1842,TRUE,FALSE,FALSE,FALSE,0.00837441713801756,0.99989494609044,0.000105053909560282,102.470804112124,0.0107660896075684,"Converged"
"OU truth",10,2004,TRUE,FALSE,FALSE,FALSE,0.00822568107038757,0.999930134893535,6.98651064652278e-05,136.378774605216,0.00952878333685306,"Converged"
"OU truth",11,2290,TRUE,FALSE,FALSE,FALSE,0.00777139786911741,0.999933876180664,6.612381933635e-05,175.866995277096,0.0116297664275036,"Converged"
"OU truth",12,1793,TRUE,FALSE,FALSE,FALSE,0.00863153935235195,0.999883382104735,0.000116617895265181,93.7389577190211,0.0109329149270719,"Converged"
"OU truth",13,5726,TRUE,FALSE,FALSE,FALSE,0.00482877665877354,0.999921874093663,7.81259063371564e-05,135.294718579956,0.0105708483687992,"Converged"
"OU truth",14,6378,TRUE,FALSE,FALSE,FALSE,0.00461259617351968,0.999943909497448,5.60905025519531e-05,189.59004166192,0.0106347972267838,"Converged"
"OU truth",15,2939,TRUE,FALSE,FALSE,FALSE,0.00717910035382526,0.999930753070575,6.92469294247822e-05,133.806965796959,0.00926636318428374,"Converged"
"OU truth",16,2553,TRUE,FALSE,FALSE,FALSE,0.00731386090197743,0.999935994875842,6.40051241580508e-05,208.530724010554,0.0133478892143702,"Converged"
"OU truth",17,1898,TRUE,FALSE,FALSE,FALSE,0.00836600451999876,0.999855935046775,0.000144064953225498,79.6029424804877,0.0114696465591585,"Converged"
"OU truth",18,3254,TRUE,FALSE,FALSE,FALSE,0.00654783651031376,0.999859640298598,0.000140359701402248,80.4955580063007,0.0112999185391638,"Converged"
"OU truth",19,4100,TRUE,FALSE,FALSE,FALSE,0.00599870978703888,0.999916282973268,8.37170267321552e-05,143.554759714813,0.0120189838501654,"Converged"
"OU truth",20,2416,TRUE,FALSE,FALSE,FALSE,0.0077677497590011,0.999908341457734,9.16585422664484e-05,106.09518798888,0.00972542169052059,"Converged"
"OU truth",21,2765,TRUE,FALSE,FALSE,FALSE,0.00742421569321264,0.99989544972538,0.000104550274620308,120.492112963846,0.0125988007080251,"Converged"
"OU truth",22,2322,TRUE,FALSE,FALSE,FALSE,0.00735491530568561,0.99983752432217,0.000162475677829566,89.4834584470702,0.0145412481648736,"Converged"
"OU truth",23,1866,TRUE,FALSE,FALSE,FALSE,0.00842582044177601,0.999897081665568,0.000102918334432101,118.478944702971,0.012194910734004,"Converged"
"OU truth",24,2554,TRUE,FALSE,FALSE,FALSE,0.00740642189096107,0.999800148625678,0.000199851374322213,58.215867195421,0.0116368467061713,"Converged"
"OU truth",25,2939,TRUE,FALSE,FALSE,FALSE,0.00642177288699733,0.999966031446517,3.39685534826994e-05,331.722062289349,0.0112685013889592,"Converged"
"OU truth",26,2372,TRUE,FALSE,FALSE,FALSE,0.00767280581643442,0.999910744630913,8.92553690865494e-05,126.793459278356,0.0113180071985599,"Converged"
"OU truth",27,2029,TRUE,FALSE,FALSE,FALSE,0.0082771057073198,0.999895795316713,0.000104204683286535,109.15596113785,0.0113757477654,"Converged"
"OU truth",28,1836,TRUE,FALSE,FALSE,FALSE,0.00866600815191289,0.999874345504171,0.000125654495829353,92.8188822286515,0.0116645755562458,"Converged"
"OU truth",29,2213,TRUE,FALSE,FALSE,FALSE,0.00771269085583956,0.999875712921933,0.000124287078067109,84.3215455341746,0.0104813812127903,"Converged"
"OU truth",30,3920,TRUE,FALSE,FALSE,FALSE,0.00603976240196486,0.999805152808196,0.000194847191804293,67.6766165100545,0.0131891685502544,"Converged"
"OU truth",31,3024,TRUE,FALSE,FALSE,FALSE,0.00659360460410159,0.999854602715882,0.000145397284118443,91.9478248221775,0.0133709081034674,"Converged"
"OU truth",32,3472,TRUE,FALSE,FALSE,FALSE,0.00588130061033198,0.999883803922707,0.000116196077293185,106.409220207914,0.0123657708300494,"Converged"
"OU truth",33,6966,TRUE,FALSE,FALSE,FALSE,0.00442880312394795,0.999935710379257,6.42896207426746e-05,179.863729653667,0.0115641144173273,"Converged"
"OU truth",34,2708,TRUE,FALSE,FALSE,FALSE,0.00740980882342457,0.999867204232365,0.000132795767635363,79.4086736827734,0.0105465363139957,"Converged"
"OU truth",35,3627,TRUE,FALSE,FALSE,FALSE,0.00611377999368715,0.999909843259967,9.01567400328762e-05,125.224097477574,0.0112908143451509,"Converged"
"OU truth",36,1841,TRUE,FALSE,FALSE,FALSE,0.00825449114653772,0.999809992323381,0.000190007676619253,64.0287683176423,0.012168269569457,"Converged"
"OU truth",37,2267,TRUE,FALSE,FALSE,FALSE,0.00820614934044362,0.999826631488189,0.000173368511811378,74.2067406489147,0.0128673429847795,"Converged"
"OU truth",38,4903,TRUE,FALSE,FALSE,FALSE,0.00518958387020034,0.999882629690686,0.00011737030931358,105.743264265169,0.012412576502574,"Converged"
"OU truth",39,1583,TRUE,FALSE,FALSE,FALSE,0.00904259984000868,0.999879898391177,0.000120101608823364,96.5289538076487,0.0115946751894789,"Converged"
"OU truth",40,2010,TRUE,FALSE,FALSE,FALSE,0.00842715225830086,0.999877772614294,0.000122227385706331,93.440574533503,0.0114223932733959,"Converged"
"OU truth",41,5385,TRUE,FALSE,FALSE,FALSE,0.00475522116709083,0.999939969921508,6.00300784915353e-05,184.783504891523,0.0110932342303007,"Converged"
"OU truth",42,2242,TRUE,FALSE,FALSE,FALSE,0.00786154182937031,0.999894355251006,0.000105644748993772,114.667389000682,0.0121152874452493,"Converged"
"OU truth",43,2103,TRUE,FALSE,FALSE,FALSE,0.00823189205481768,0.999893050742042,0.000106949257957956,98.470726289915,0.0105324975500848,"Converged"
"OU truth",44,3384,TRUE,FALSE,FALSE,FALSE,0.00643510774835007,0.99984219957752,0.000157800422479482,69.5351434947884,0.0109744067866764,"Converged"
"OU truth",45,4320,TRUE,FALSE,FALSE,FALSE,0.00560184726939392,0.9999038531238,9.61468762001871e-05,131.551994208526,0.012649529513803,"Converged"
"OU truth",46,2603,TRUE,FALSE,FALSE,FALSE,0.00710995082389124,0.999917585225654,8.24147743456738e-05,144.046153240728,0.0118725096849036,"Converged"
"OU truth",47,2622,TRUE,FALSE,FALSE,FALSE,0.00747370311674602,0.999897613675076,0.000102386324923653,115.839581041621,0.0118616034495322,"Converged"
"OU truth",48,1619,TRUE,FALSE,FALSE,FALSE,0.00893048806000303,0.99988790466422,0.000112095335779827,93.4634807358812,0.0104779947905844,"Converged"
"OU truth",49,3686,TRUE,FALSE,FALSE,FALSE,0.00571489529572572,0.999951671843272,4.83281567278393e-05,257.099085202639,0.0124257253966617,"Converged"
"OU truth",50,2539,TRUE,FALSE,FALSE,FALSE,0.00728445894861713,0.999893609361316,0.00010639063868445,105.801409465821,0.0112574772169748,"Converged"
"OU truth",51,2213,TRUE,FALSE,FALSE,FALSE,0.00768684915224466,0.999889733326217,0.000110266673783221,99.6331051665709,0.0109874226519609,"Converged"
"OU truth",52,2008,TRUE,FALSE,FALSE,FALSE,0.00849979896326101,0.99971044479858,0.000289555201419711,47.7738449575894,0.0138371719243925,"Converged"
"OU truth",53,1612,TRUE,FALSE,FALSE,FALSE,0.00890468289624612,0.999842546935755,0.000157453064245416,89.2627582288958,0.014056908109393,"Converged"
"OU truth",54,3225,TRUE,FALSE,FALSE,FALSE,0.00652600310234375,0.999921478122144,7.85218778557306e-05,165.992443135947,0.0130350618824321,"Converged"
"OU truth",55,1733,TRUE,FALSE,FALSE,FALSE,0.00881601218647,0.99981648677133,0.000183513228669607,64.510714821964,0.0118407424936478,"Converged"
"OU truth",56,4483,TRUE,FALSE,FALSE,FALSE,0.00559360990767448,0.999922862344114,7.71376558862391e-05,136.029352607292,0.0104937948585859,"Converged"
"OU truth",57,2231,TRUE,FALSE,FALSE,FALSE,0.0079140183941009,0.999898505557055,0.000101494442944938,117.685792086572,0.0119456663291101,"Converged"
"OU truth",58,2349,TRUE,FALSE,FALSE,FALSE,0.00773389330205554,0.999888218861985,0.000111781138015132,118.887866430308,0.0132909066784447,"Converged"
"OU truth",59,2233,TRUE,FALSE,FALSE,FALSE,0.00810295736141689,0.999820937600486,0.000179062399514041,72.406292157354,0.012967566417169,"Converged"
"OU truth",60,2864,TRUE,FALSE,FALSE,FALSE,0.0071515281457908,0.999927895750836,7.2104249163707e-05,170.39853829628,0.0122873446322054,"Converged"
"OU truth",61,4209,TRUE,FALSE,FALSE,FALSE,0.00574338850285604,0.999914671342262,8.53286577381374e-05,128.300569283414,0.0109486495975668,"Converged"
"OU truth",62,2865,TRUE,FALSE,FALSE,FALSE,0.0065585023593498,0.999761940921216,0.000238059078783825,62.5966909007875,0.0149052589029608,"Converged"
"OU truth",63,3637,TRUE,FALSE,FALSE,FALSE,0.00609491438054344,0.9999259376704,7.40623296003884e-05,141.271423180334,0.0104636656701535,"Converged"
"OU truth",64,2565,TRUE,FALSE,FALSE,FALSE,0.00680492941195441,0.999861980117816,0.000138019882184315,90.9841726175203,0.0125593582264502,"Converged"
"OU truth",65,2411,TRUE,FALSE,FALSE,FALSE,0.00762033119468102,0.999921526223815,7.84737761846399e-05,127.112652774339,0.00997579270217313,"Converged"
"OU truth",66,2531,TRUE,FALSE,FALSE,FALSE,0.00747187782737443,0.999921108895048,7.88911049518504e-05,131.713818485059,0.0103918685037026,"Converged"
"OU truth",67,1966,TRUE,FALSE,FALSE,FALSE,0.00818453652845996,0.999832179827558,0.000167820172441546,76.6690304241064,0.012868769545824,"Converged"
"OU truth",68,1990,TRUE,FALSE,FALSE,FALSE,0.00823767720994415,0.999906577302983,9.34226970173979e-05,133.517198350434,0.0124747021884274,"Converged"
"OU truth",69,2289,TRUE,FALSE,FALSE,FALSE,0.00784431589694769,0.999880705468321,0.000119294531679359,94.1310372314991,0.0112306577590818,"Converged"
"OU truth",70,2893,TRUE,FALSE,FALSE,FALSE,0.00677811690850587,0.99982108019107,0.000178919808929479,73.869463631341,0.0132190754731005,"Converged"
"OU truth",71,2937,TRUE,FALSE,FALSE,FALSE,0.00685273528484653,0.999882957150588,0.000117042849411719,113.536837403385,0.013290230489333,"Converged"
"OU truth",72,1999,TRUE,FALSE,FALSE,FALSE,0.00839024383077871,0.999891764180479,0.000108235819521352,120.017676948049,0.0129916177799182,"Converged"
"OU truth",73,1970,TRUE,FALSE,FALSE,FALSE,0.00837013595771757,0.999888747750196,0.000111252249803573,81.176411327857,0.00903206322855888,"Converged"
"OU truth",74,2545,TRUE,FALSE,FALSE,FALSE,0.00767703759977031,0.999888646395391,0.000111353604608566,96.1970292438311,0.0107130788988881,"Converged"
"OU truth",75,2328,TRUE,FALSE,FALSE,FALSE,0.0078138744361432,0.999871934434505,0.000128065565495383,80.0398551523445,0.0102516621971701,"Converged"
"OU truth",76,6723,TRUE,FALSE,FALSE,FALSE,0.00435989370380569,0.999895263131598,0.000104736868401845,111.672936534658,0.0116974988172723,"Converged"
"OU truth",77,1576,TRUE,FALSE,FALSE,FALSE,0.00901232065442301,0.999856532629846,0.000143467370153694,76.580238301305,0.0109883418633409,"Converged"
"OU truth",78,3992,TRUE,FALSE,FALSE,FALSE,0.00580991918546522,0.999877433445158,0.00012256655484244,106.805255075223,0.0130923568387106,"Converged"
"OU truth",79,2255,TRUE,FALSE,FALSE,FALSE,0.00762845329285157,0.999940949225784,5.90507742164181e-05,199.936281564884,0.0118070894381307,"Converged"
"OU truth",80,1726,TRUE,FALSE,FALSE,FALSE,0.008758664574674,0.999907856146645,9.21438533554308e-05,132.761092173907,0.0122342459191412,"Converged"
"OU truth",81,3065,TRUE,FALSE,FALSE,FALSE,0.006927595446618,0.999850816231317,0.000149183768682559,81.9586793506739,0.0122287289896559,"Converged"
"OU truth",82,3051,TRUE,FALSE,FALSE,FALSE,0.0066508381023165,0.99992670495263,7.3295047369637e-05,162.98552972831,0.0119469077711729,"Converged"
"OU truth",83,1352,TRUE,FALSE,FALSE,FALSE,0.0094837742190154,0.999918895149169,8.11048508309042e-05,134.985515187871,0.0109488680799574,"Converged"
"OU truth",84,3813,TRUE,FALSE,FALSE,FALSE,0.00621169869006696,0.999830666232332,0.00016933376766759,77.5671721361616,0.0131369660370915,"Converged"
"OU truth",85,2774,TRUE,FALSE,FALSE,FALSE,0.00701832846017778,0.999884134418927,0.000115865581073016,102.898097632919,0.0119237294233842,"Converged"
"OU truth",86,3030,TRUE,FALSE,FALSE,FALSE,0.00670439869591125,0.99987001340475,0.000129986595249987,89.686755850294,0.0116595916226136,"Converged"
"OU truth",87,5757,TRUE,FALSE,FALSE,FALSE,0.00492355917866033,0.999923009394151,7.69906058492031e-05,161.50877056988,0.0124356155217082,"Converged"
"OU truth",88,1783,TRUE,FALSE,FALSE,FALSE,0.0088934253989654,0.999774191971682,0.000225808028318397,59.4691852551306,0.0134316524431178,"Converged"
"OU truth",89,3465,TRUE,FALSE,FALSE,FALSE,0.00612019399773298,0.99991773679539,8.22632046101335e-05,132.707179336531,0.0109178159815247,"Converged"
"OU truth",90,3980,TRUE,FALSE,FALSE,FALSE,0.00594376638422454,0.99988403480592,0.000115965194080414,93.7881555024499,0.0108774230577616,"Converged"
"OU truth",91,2338,TRUE,FALSE,FALSE,FALSE,0.00775772120629414,0.999883981098115,0.000116018901885284,109.856826725456,0.0127469472881161,"Converged"
"OU truth",92,2534,TRUE,FALSE,FALSE,FALSE,0.00753306434692695,0.999903209084088,9.67909159120817e-05,129.053286778815,0.012492394979138,"Converged"
"OU truth",93,1655,TRUE,FALSE,FALSE,FALSE,0.00881957158985404,0.999930325153246,6.96748467537978e-05,148.204103278288,0.0103268177036397,"Converged"
"OU truth",94,3278,TRUE,FALSE,FALSE,FALSE,0.00655109180137346,0.99990271420585,9.72857941503591e-05,120.299747371511,0.0117045951499594,"Converged"
"OU truth",95,1784,TRUE,FALSE,FALSE,FALSE,0.00910871451171716,0.999783116151271,0.00021688384872931,54.2949136521407,0.0117782443502678,"Converged"
"OU truth",96,2943,TRUE,FALSE,FALSE,FALSE,0.0069571201459526,0.99985825708462,0.000141742915379717,88.0543570449303,0.0124828506350762,"Converged"
"OU truth",97,5210,TRUE,FALSE,FALSE,FALSE,0.00508137675077899,0.999949981979212,5.00180207880785e-05,223.721412495141,0.0111906619956846,"Converged"
"OU truth",98,1605,TRUE,FALSE,FALSE,FALSE,0.00923687137146978,0.999836776733372,0.000163223266627877,81.1298212263847,0.0132444362416542,"Converged"
"OU truth",99,1867,TRUE,FALSE,FALSE,FALSE,0.00843491657585661,0.999856251052496,0.000143748947503797,83.7747190476177,0.0120442590400818,"Converged"
"OU truth",100,1995,TRUE,FALSE,FALSE,FALSE,0.00839784874398887,0.999820732746879,0.000179267253121229,67.0204229072227,0.0120167213222239,"Converged"
"MSE truth",1,2682,FALSE,TRUE,FALSE,TRUE,3.54846225429017e-95,0.999999999960328,3.96722654727455e-11,185.115657314933,7.34395750045114e-09,"Degenerate"
"MSE truth",2,3492,FALSE,FALSE,TRUE,TRUE,6.78994652957056e-54,0.999999999990355,9.64472945952366e-12,177.744641879916,1.71429898382825e-09,"Degenerate"
"MSE truth",3,2200,FALSE,TRUE,FALSE,FALSE,0.0080653276425166,0.999722881621363,0.000277118378636865,40.2984606165478,0.0111705396294499,"Non-converged"
"MSE truth",4,1515,FALSE,TRUE,FALSE,FALSE,0.0168825588983144,0.999833971636551,0.000166028363448922,134.804910303516,0.0223851552132572,"Non-converged"
"MSE truth",5,2240,FALSE,TRUE,FALSE,TRUE,3.07335685729548e-69,0.999999999962555,3.74453801299524e-11,178.067759857489,6.66781495700244e-09,"Degenerate"
"MSE truth",6,5513,FALSE,TRUE,FALSE,TRUE,1.3769535010724e-108,0.999447221363076,0.000552778636923601,200,0.110616874029567,"Degenerate"
"MSE truth",7,2938,FALSE,TRUE,FALSE,FALSE,0.0120169719946766,0.999969134355351,3.08656446490474e-05,9.53762675805776,0.00029439408497267,"Non-converged"
"MSE truth",8,2429,FALSE,TRUE,FALSE,TRUE,7.39845658692287e-68,0.999999999961085,3.89146492807413e-11,181.833563753533,7.07598936121142e-09,"Degenerate"
"MSE truth",9,3015,FALSE,FALSE,TRUE,FALSE,0.0110786943325992,0.999969955167119,3.00448328814928e-05,23.2629563462181,0.000698952635666717,"Non-converged"
"MSE truth",10,3454,FALSE,TRUE,FALSE,FALSE,0.0113951900275417,0.999967746215801,3.22537841989101e-05,11.0769677199847,0.00035728565023294,"Non-converged"
"MSE truth",11,3191,FALSE,TRUE,FALSE,FALSE,0.00695686334849596,0.999997573176534,2.4268234659619e-06,59.6489782739843,0.000144757891497805,"Non-converged"
"MSE truth",12,2103,FALSE,TRUE,FALSE,TRUE,8.90580673427884e-83,0.999999999961354,3.86455312195721e-11,183.797577876727,7.10295503419128e-09,"Degenerate"
"MSE truth",13,4554,FALSE,TRUE,FALSE,FALSE,0.0058695218024393,0.999792589720693,0.00020741027930693,34.5380884829288,0.00716504068206083,"Non-converged"
"MSE truth",14,2881,FALSE,TRUE,FALSE,FALSE,0.0080226692287097,0.99999904153865,9.5846135006461e-07,56.6715774213661,5.43175686668638e-05,"Non-converged"
"MSE truth",15,2231,FALSE,TRUE,FALSE,FALSE,0.0083187077163314,0.999997951980017,2.04801998315851e-06,60.3099884790811,0.000123516314553098,"Non-converged"
"MSE truth",16,1913,FALSE,TRUE,FALSE,TRUE,2.22521978770356e-24,0.999999999962302,3.76978448457521e-11,170.105313969712,6.41260373370991e-09,"Degenerate"
"MSE truth",17,1493,FALSE,TRUE,FALSE,TRUE,1.43579195723672e-48,0.999999999961625,3.83750808907735e-11,178.240677454758,6.84000041561507e-09,"Degenerate"
"MSE truth",18,4107,FALSE,TRUE,FALSE,FALSE,0.0100910346870282,0.999972569938555,2.74300614447887e-05,5.08599290561999,0.000139512924757014,"Non-converged"
"MSE truth",19,2855,FALSE,TRUE,FALSE,FALSE,0.0116262749469151,0.999677137305103,0.000322862694896564,11.3094765931077,0.00365258737492358,"Non-converged"
"MSE truth",20,1665,FALSE,TRUE,FALSE,FALSE,0.00862406993046175,0.999757193765207,0.000242806234792559,44.1541330996099,0.0107235025417217,"Non-converged"
"MSE truth",21,2510,FALSE,TRUE,FALSE,TRUE,7.51328128108579e-101,0.999447221363076,0.000552778636923601,200,0.110616874029567,"Degenerate"
"MSE truth",22,2576,FALSE,TRUE,FALSE,TRUE,2.58351637096718e-09,0.999999999962569,3.74311692752372e-11,159.434707024769,5.96782750721536e-09,"Degenerate"
"MSE truth",23,2804,FALSE,TRUE,FALSE,FALSE,0.0123906782423349,0.999960794933502,3.92050664975718e-05,3.1735264009234,0.000124423191599502,"Non-converged"
"MSE truth",24,3935,FALSE,TRUE,FALSE,FALSE,0.00786393998173989,0.999747037893328,0.000252962106671584,39.0376115494558,0.00987753509906467,"Non-converged"
"MSE truth",25,2331,FALSE,TRUE,FALSE,FALSE,0.00850179408687222,0.999688294438178,0.000311705561822029,148.285367589078,0.0462357857659182,"Non-converged"
"MSE truth",26,2517,FALSE,TRUE,FALSE,FALSE,0.00862905610630672,0.999447221363076,0.000552778636923601,16.4085538578686,0.00907531467551609,"Non-converged"
"MSE truth",27,1891,FALSE,TRUE,FALSE,TRUE,8.20990708781026e-38,0.999999999962772,3.72279984617307e-11,175.329231431617,6.52715635827567e-09,"Degenerate"
"MSE truth",28,1598,FALSE,FALSE,TRUE,FALSE,0.0091188332796841,0.999614599799732,0.000385400200268116,30.0059208012415,0.0115687464832392,"Non-converged"
"MSE truth",29,4845,FALSE,TRUE,FALSE,FALSE,0.00706667583899497,0.999998108878163,1.89112183679452e-06,56.5853802971628,0.00010701005069233,"Non-converged"
"MSE truth",30,3848,FALSE,TRUE,FALSE,FALSE,0.010872880171119,0.999745219289398,0.000254780710602365,9.67091811302968,0.00246459131934267,"Non-converged"
"MSE truth",31,1655,FALSE,TRUE,FALSE,TRUE,3.80451715660719e-53,0.999999999963554,3.64459573631848e-11,179.17232860643,6.53010704929048e-09,"Degenerate"
"MSE truth",32,3687,FALSE,TRUE,FALSE,FALSE,0.00890709850776684,0.999990498535965,9.5014640346669e-06,67.4534185016851,0.000640912319514449,"Non-converged"
"MSE truth",33,3295,FALSE,TRUE,FALSE,FALSE,0.00765232412735371,0.999941790894943,5.82091050568279e-05,81.6758529014877,0.00475455506054374,"Non-converged"
"MSE truth",34,1981,FALSE,TRUE,FALSE,TRUE,6.05297684965423e-114,0.999447221363076,0.000552778636923601,200,0.110616874029567,"Degenerate"
"MSE truth",35,2650,FALSE,TRUE,FALSE,FALSE,0.00763570070762594,0.99999777327731,2.22672269001301e-06,59.9855832288072,0.000133571556676065,"Non-converged"
"MSE truth",36,2373,FALSE,TRUE,FALSE,FALSE,0.00824175799389325,0.999811219051039,0.000188780948960576,42.8591260409321,0.00809251419813791,"Non-converged"
"MSE truth",37,1992,FALSE,TRUE,FALSE,FALSE,1.44716131899453e-06,0.999448747124644,0.000551252875356179,185.719070356378,0.102434638931677,"Non-converged"
"MSE truth",38,4532,FALSE,TRUE,FALSE,FALSE,0.00762347189432707,0.999447221363076,0.000552778636923601,199.926640355887,0.110576299957008,"Non-converged"
"MSE truth",39,5183,FALSE,TRUE,FALSE,FALSE,0.0108150086844384,0.999514893178343,0.000485106821656811,1.23710040222171,0.000600417110628343,"Non-converged"
"MSE truth",40,2182,FALSE,TRUE,FALSE,FALSE,0.00930930861221627,0.999919745194382,8.02548056180186e-05,70.2733542518898,0.00564022704093638,"Non-converged"
"MSE truth",41,2456,FALSE,TRUE,FALSE,FALSE,0.00836888784290635,0.999878099678275,0.000121900321724544,56.3504997438197,0.00686998150106568,"Non-converged"
"MSE truth",42,1806,FALSE,TRUE,FALSE,FALSE,0.00892936129143437,0.999939691125892,6.03088741083502e-05,118.312226469921,0.00713570751813949,"Non-converged"
"MSE truth",43,2919,FALSE,TRUE,FALSE,FALSE,0.00731821587826583,0.999787561155332,0.000212438844668372,42.1166918782513,0.00894912250511531,"Non-converged"
"MSE truth",44,2220,FALSE,TRUE,FALSE,FALSE,0.00904264393768325,0.999997083772712,2.9162272875416e-06,62.1969199193779,0.000181380884017813,"Non-converged"
"MSE truth",45,1522,FALSE,TRUE,FALSE,FALSE,0.0105437455838686,0.999974628319124,2.53716808756854e-05,208.813899055636,0.00529809403079819,"Non-converged"
"MSE truth",46,5358,FALSE,TRUE,FALSE,FALSE,0.00527794110489828,0.999769798362938,0.000230201637061667,131.866233779575,0.0303628124583482,"Non-converged"
"MSE truth",47,1769,FALSE,TRUE,FALSE,FALSE,0.0093461231050563,0.999931357501282,6.86424987177414e-05,121.213074685019,0.00832093949371845,"Non-converged"
"MSE truth",48,1765,FALSE,TRUE,FALSE,TRUE,4.55256922325411e-111,0.999447221363076,0.000552778636923601,200,0.110616874029567,"Degenerate"
"MSE truth",49,4646,FALSE,TRUE,FALSE,TRUE,3.93609006223114e-71,0.999999999962234,3.77655684502542e-11,182.265060981308,6.88334363683929e-09,"Degenerate"
"MSE truth",50,2412,FALSE,TRUE,FALSE,TRUE,3.14515617566737e-73,0.999999999961797,3.82025522327467e-11,182.582642680143,6.97512294404757e-09,"Degenerate"
"MSE truth",51,5966,FALSE,TRUE,FALSE,FALSE,0.0076261387830569,0.998067084822905,0.00193291517709471,0.745087278639018,0.00144297966643905,"Non-converged"
"MSE truth",52,4524,FALSE,TRUE,FALSE,FALSE,0.0102067564067953,0.999982063788612,1.79362113875703e-05,25.2736571759852,0.000453321788520879,"Non-converged"
"MSE truth",53,2368,FALSE,TRUE,FALSE,TRUE,1.62152061490639e-78,0.99999999996222,3.77804454387842e-11,183.27676839982,6.92427794898768e-09,"Degenerate"
"MSE truth",54,2320,FALSE,TRUE,FALSE,FALSE,0.00823633848836684,0.999850420324611,0.000149579675388867,57.3610205781822,0.00858132643008042,"Non-converged"
"MSE truth",55,2116,FALSE,TRUE,FALSE,TRUE,1.05280286806569e-80,0.999447221363076,0.000552778636923601,200,0.110616874029567,"Degenerate"
"MSE truth",56,1943,FALSE,TRUE,FALSE,TRUE,2.79412979082299e-45,0.999447221363076,0.000552778636923601,200,0.110616874029567,"Degenerate"
"MSE truth",57,1674,FALSE,TRUE,FALSE,FALSE,0.0095986376101878,0.999658424624443,0.000341575375556902,152.032394156962,0.0519482663795774,"Non-converged"
"MSE truth",58,3162,FALSE,TRUE,FALSE,FALSE,0.011417471959201,0.999765454314124,0.000234545685875553,10.9409951805367,0.00256676524249439,"Non-converged"
"MSE truth",59,2130,FALSE,FALSE,TRUE,FALSE,0.00823714729629599,0.999599670749778,0.000400329250221709,31.7201778915415,0.0127036006551454,"Non-converged"
"MSE truth",60,1741,FALSE,TRUE,FALSE,TRUE,1.96470551581761e-85,0.999999999960546,3.94537735814993e-11,184.119271238592,7.26420003972465e-09,"Degenerate"
"MSE truth",61,1932,FALSE,TRUE,FALSE,FALSE,0.00875574304836022,0.999832689783911,0.000167310216088623,62.6359611688857,0.0104813898416842,"Non-converged"
"MSE truth",62,1667,FALSE,TRUE,FALSE,FALSE,0.0117463235222457,0.999925903172268,7.40968277321841e-05,219.793788131864,0.0162872292878337,"Non-converged"
"MSE truth",63,1512,FALSE,TRUE,FALSE,FALSE,0.00927358763521315,0.999810865234436,0.000189134765563925,56.4234088616816,0.0106736469650881,"Non-converged"
"MSE truth",64,3309,FALSE,TRUE,FALSE,FALSE,0.00839546291238761,0.999886377341107,0.000113622658893253,167.757900329728,0.019063264704636,"Non-converged"
"MSE truth",65,1908,FALSE,TRUE,FALSE,FALSE,0.0106079299776826,0.999972573558028,2.74264419720671e-05,237.673322050674,0.00651871236061753,"Non-converged"
"MSE truth",66,2822,FALSE,TRUE,FALSE,FALSE,0.00980321562247548,0.999992341685937,7.65831406268624e-06,289.561258384102,0.0022175680399246,"Non-converged"
"MSE truth",67,2419,FALSE,TRUE,FALSE,FALSE,0.0104876220381702,0.999934128861498,6.58711385024269e-05,397.392381514413,0.0261784130044139,"Non-converged"
"MSE truth",68,2273,FALSE,TRUE,FALSE,FALSE,0.011685887078964,0.999977347195637,2.2652804362866e-05,20.7667652220015,0.000470436126521109,"Non-converged"
"MSE truth",69,3969,FALSE,TRUE,FALSE,FALSE,0.010092242860099,0.999980895777619,1.9104222380717e-05,26.8483168236114,0.000512926014198856,"Non-converged"
"MSE truth",70,2359,FALSE,TRUE,FALSE,FALSE,0.0225080581272895,0.999829516378958,0.000170483621041884,10.0263134352347,0.00170961368127067,"Non-converged"
"MSE truth",71,3055,FALSE,TRUE,FALSE,FALSE,0.00719927777676416,0.999838437958433,0.000161562041566587,50.695925131123,0.00819186065702307,"Non-converged"
"MSE truth",72,1593,FALSE,TRUE,FALSE,FALSE,0.0100187178429478,0.999997063302786,2.93669721385115e-06,63.7447700899237,0.000187199638469318,"Non-converged"
"MSE truth",73,2659,FALSE,TRUE,FALSE,TRUE,6.04709436371959e-54,0.999999999961445,3.85553811099726e-11,174.673781973951,6.7346142341856e-09,"Degenerate"
"MSE truth",74,2079,FALSE,TRUE,FALSE,FALSE,0.00887297042871233,0.999940854836214,5.9145163786023e-05,112.707434224672,0.00666649394799708,"Non-converged"
"MSE truth",75,2728,FALSE,TRUE,FALSE,FALSE,0.00840159696898594,0.999931057567064,6.89424329356481e-05,69.9025535460469,0.00481958438375204,"Non-converged"
"MSE truth",76,2192,FALSE,TRUE,FALSE,FALSE,0.00849236820197482,0.999918820560727,8.11794392733267e-05,75.5000860281278,0.00612955224246538,"Non-converged"
"MSE truth",77,2563,FALSE,TRUE,FALSE,FALSE,0.00794967468428474,0.99992816012887,7.18398711300194e-05,106.781735665677,0.00767173726587859,"Non-converged"
"MSE truth",78,2206,FALSE,TRUE,FALSE,FALSE,0.0090990174818847,0.999998222844411,1.77715558902225e-06,59.6296907700827,0.000105971426551434,"Non-converged"
"MSE truth",79,1709,FALSE,TRUE,FALSE,TRUE,3.7526401487256e-57,0.999447221363076,0.000552778636923601,200,0.110616874029567,"Degenerate"
"MSE truth",80,6416,FALSE,TRUE,FALSE,FALSE,0.00993859250132188,0.999939915644393,6.00843556071151e-05,8.33777180304935,0.000500999748232426,"Non-converged"
"MSE truth",81,1765,FALSE,TRUE,FALSE,FALSE,0.00913129745323145,0.999762987713678,0.000237012286321892,47.3937713907629,0.0112355690826582,"Non-converged"
"MSE truth",82,5557,FALSE,TRUE,FALSE,FALSE,0.00680383869139711,0.999998543981436,1.45601856427202e-06,55.0397020182992,8.0138944594435e-05,"Non-converged"
"MSE truth",83,2496,FALSE,TRUE,FALSE,FALSE,0.012479481883562,0.999609182044564,0.000390817955436162,7.61613452866393,0.00297768585791812,"Non-converged"
"MSE truth",84,2421,FALSE,TRUE,FALSE,TRUE,8.00090097521274e-65,0.999447221363076,0.000552778636923601,200,0.110616874029567,"Degenerate"
"MSE truth",85,2408,FALSE,TRUE,FALSE,TRUE,2.3517771894686e-07,0.999447615104389,0.000552384895611158,196.155884843501,0.108413433916168,"Degenerate"
"MSE truth",86,3130,FALSE,TRUE,FALSE,FALSE,0.011920497385285,0.999967550021182,3.24499788181276e-05,8.59198007895854,0.000278818619226267,"Non-converged"
"MSE truth",87,3185,FALSE,TRUE,FALSE,FALSE,0.0114509975334354,0.999624431135616,0.000375568864384168,8.36237040445242,0.00314182592835598,"Non-converged"
"MSE truth",88,1583,FALSE,TRUE,FALSE,FALSE,0.00917218113010753,0.99967988990006,0.000320110099940041,32.6013644668017,0.0104393677847145,"Non-converged"
"MSE truth",89,3792,FALSE,TRUE,FALSE,FALSE,0.00693673799637058,0.999880104178417,0.000119895821582783,74.3350716595039,0.0089135331844156,"Non-converged"
"MSE truth",90,2700,FALSE,TRUE,FALSE,FALSE,0.00920914299754618,0.999848065361217,0.000151934638783491,140.213079141666,0.0213064607215235,"Non-converged"
"MSE truth",91,5316,FALSE,TRUE,FALSE,TRUE,9.20509099176236e-101,0.999447221363076,0.000552778636923601,200,0.110616874029567,"Degenerate"
"MSE truth",92,6695,FALSE,TRUE,FALSE,FALSE,0.00982452667754254,0.999873315518824,0.000126684481176476,9.20443939343352,0.00116620736945298,"Non-converged"
"MSE truth",93,3300,FALSE,TRUE,FALSE,FALSE,0.00697460735423134,0.999939854817424,6.01451825761323e-05,93.1843111476618,0.00560492451641561,"Non-converged"
"MSE truth",94,6228,FALSE,TRUE,FALSE,TRUE,9.00648739406578e-60,0.999999999962154,3.78455045080273e-11,180.463955115398,6.82974942711469e-09,"Degenerate"
"MSE truth",95,1999,FALSE,TRUE,FALSE,FALSE,0.0135143489695869,0.99916505386499,0.000834946135010561,7.53048903433043,0.00629280686872702,"Non-converged"
"MSE truth",96,2581,FALSE,TRUE,FALSE,FALSE,0.00711661814067214,0.999993498291703,6.50170829674668e-06,60.2942579442946,0.000392018225910756,"Non-converged"
"MSE truth",97,1966,FALSE,TRUE,FALSE,FALSE,0.00943945515860355,0.999719862823749,0.000280137176251194,30.53700217781,0.00855694668014856,"Non-converged"
"MSE truth",98,1714,FALSE,TRUE,FALSE,TRUE,3.2119581607848e-08,0.999472759713942,0.000527240286057662,199.757729137999,0.105375880662412,"Degenerate"
"MSE truth",99,4517,FALSE,TRUE,FALSE,FALSE,0.00733845413786807,0.999776561992158,0.000223438007841636,131.99701751855,0.0294997419989666,"Non-converged"
"MSE truth",100,3438,FALSE,TRUE,FALSE,FALSE,0.0111199489207121,0.999836765315107,0.000163234684892766,13.6506822727119,0.0022286286088461,"Non-converged"
"RS truth",1,1885,TRUE,FALSE,FALSE,FALSE,0.00820115997182382,0.999910946626722,8.90533732781362e-05,166.757999123409,0.0148516849356944,"Converged"
"RS truth",2,3876,TRUE,FALSE,FALSE,FALSE,0.00594962025331555,0.999890151218124,0.00010984878187581,168.472202963002,0.0185084994115347,"Converged"
"RS truth",3,2203,TRUE,FALSE,FALSE,FALSE,0.0073904511469922,0.999905847589478,9.41524105221303e-05,211.824909422478,0.0199457037668474,"Converged"
"RS truth",4,3518,TRUE,FALSE,FALSE,FALSE,0.00594979125211768,0.999862970165279,0.000137029834721303,137.699511640261,0.0188715272835336,"Converged"
"RS truth",5,1873,TRUE,FALSE,FALSE,FALSE,0.00827199034764432,0.999932305840476,6.76941595239011e-05,194.349424922751,0.0131572116404829,"Converged"
"RS truth",6,15330,TRUE,FALSE,FALSE,FALSE,0.00285628230868019,0.999911196334013,8.88036659867364e-05,174.61244683519,0.015507602537835,"Converged"
"RS truth",7,1360,TRUE,FALSE,FALSE,FALSE,0.00941454262470706,0.999884454092973,0.000115545907027448,134.981763281633,0.0155983926009618,"Converged"
"RS truth",8,3118,TRUE,FALSE,FALSE,FALSE,0.00657578496875907,0.99991107310982,8.8926890180141e-05,233.898731686524,0.0208017366597133,"Converged"
"RS truth",9,2157,TRUE,FALSE,FALSE,FALSE,0.00755832033064457,0.999876329207773,0.00012367079222686,176.739016579646,0.021860157660817,"Converged"
"RS truth",10,4286,TRUE,FALSE,FALSE,FALSE,0.00564301708451833,0.999889012832809,0.00011098716719149,155.523880996966,0.0172630709618227,"Converged"
"RS truth",11,1838,TRUE,FALSE,FALSE,FALSE,0.00847443600381363,0.999851999227842,0.000148000772158041,132.932609946485,0.0196770411343452,"Converged"
"RS truth",12,6183,TRUE,FALSE,FALSE,FALSE,0.00482517258353839,0.999911132627173,8.8867372827317e-05,194.838338798014,0.0173163101500083,"Converged"
"RS truth",13,2292,TRUE,FALSE,FALSE,FALSE,0.00750952587088588,0.999911320806989,8.8679193011032e-05,200.019552247419,0.0177391455728432,"Converged"
"RS truth",14,2387,TRUE,FALSE,FALSE,FALSE,0.0071910178935298,0.999893331494005,0.000106668505995278,155.57567854612,0.0165967955551024,"Converged"
"RS truth",15,3644,TRUE,FALSE,FALSE,FALSE,0.00593108126452452,0.999920525249837,7.94747501630111e-05,179.786029677003,0.0142895854526133,"Converged"
"RS truth",16,9919,TRUE,FALSE,FALSE,FALSE,0.00366812203070951,0.99989702814078,0.000102971859220147,162.660455701027,0.0167511744447077,"Converged"
"RS truth",17,2954,TRUE,FALSE,FALSE,FALSE,0.006901704641094,0.99991260735152,8.73926484796783e-05,171.517165455006,0.0149906494213955,"Converged"
"RS truth",18,4436,TRUE,FALSE,FALSE,FALSE,0.00532083003721393,0.999885405193648,0.000114594806351787,168.435668036744,0.0193040649069843,"Converged"
"RS truth",19,2080,TRUE,FALSE,FALSE,FALSE,0.00788592128341766,0.999901437971829,9.85620281711563e-05,177.115243618192,0.0174585583819605,"Converged"
"RS truth",20,6538,TRUE,FALSE,FALSE,FALSE,0.0045604489100048,0.999926590580617,7.34094193828305e-05,190.56819189621,0.0139905273564267,"Converged"
"RS truth",21,4770,TRUE,FALSE,FALSE,FALSE,0.00550196045736861,0.999867012173062,0.000132987826938158,161.062625343719,0.0214222174395614,"Converged"
"RS truth",22,2918,TRUE,FALSE,FALSE,FALSE,0.00645585804391341,0.999902904730455,9.70952695446003e-05,183.599660050988,0.0178283895332349,"Converged"
"RS truth",23,2509,TRUE,FALSE,FALSE,FALSE,0.00737160166498256,0.999862877482187,0.000137122517812505,148.821385601256,0.0204095617084787,"Converged"
"RS truth",24,3595,TRUE,FALSE,FALSE,FALSE,0.00601931826739376,0.999924909017841,7.50909821590762e-05,229.593048789186,0.0172416622238271,"Converged"
"RS truth",25,2451,TRUE,FALSE,FALSE,FALSE,0.0071356956734084,0.999884413615318,0.000115586384682453,158.374093640649,0.0183080050673995,"Converged"
"RS truth",26,1669,TRUE,FALSE,FALSE,FALSE,0.00874381687547319,0.999895578255575,0.00010442174442471,144.36810864525,0.0150767440839505,"Converged"
"RS truth",27,2635,TRUE,FALSE,FALSE,FALSE,0.00708492702005044,0.999897169733404,0.000102830266595966,171.14165194842,0.0176003515443715,"Converged"
"RS truth",28,1643,TRUE,FALSE,FALSE,FALSE,0.00857337108135406,0.999909557958875,9.04420411251827e-05,180.411944272632,0.0163183003437703,"Converged"
"RS truth",29,1777,TRUE,FALSE,FALSE,FALSE,0.00796925106519332,0.999901830766313,9.81692336866624e-05,174.554261876369,0.0171375405043627,"Converged"
"RS truth",30,1920,TRUE,FALSE,FALSE,FALSE,0.0079776629827761,0.999875737025883,0.000124262974117495,146.202033403456,0.0181697573208225,"Converged"
"RS truth",31,3673,TRUE,FALSE,FALSE,FALSE,0.0058470029430411,0.999887421683348,0.00011257831665179,180.480829220587,0.0203205155910117,"Converged"
"RS truth",32,2233,TRUE,FALSE,FALSE,FALSE,0.00798595879437657,0.999901605978233,9.83940217668122e-05,143.8735781405,0.0141576930115799,"Converged"
"RS truth",33,4004,TRUE,FALSE,FALSE,FALSE,0.00580044818021557,0.999923485582658,7.65144173419108e-05,201.366035288754,0.0154085838413843,"Converged"
"RS truth",34,4204,TRUE,FALSE,FALSE,FALSE,0.00560052727453171,0.999898397557954,0.000101602442046045,161.267163373182,0.0163868025597111,"Converged"
"RS truth",35,1919,TRUE,FALSE,FALSE,FALSE,0.00825438084974185,0.999895301937853,0.000104698062146857,152.815049655989,0.016001114851575,"Converged"
"RS truth",36,6021,TRUE,FALSE,FALSE,FALSE,0.00463024973486543,0.999920830461273,7.91695387274416e-05,194.220129081518,0.0153775354633574,"Converged"
"RS truth",37,1339,TRUE,FALSE,FALSE,FALSE,0.00914603351523453,0.999858458499793,0.000141541500206732,143.148821807006,0.0202643672403298,"Converged"
"RS truth",38,4172,TRUE,FALSE,FALSE,FALSE,0.00578558850910117,0.999906243045839,9.37569541608063e-05,192.837469949905,0.0180815491015494,"Converged"
"RS truth",39,3766,TRUE,FALSE,FALSE,FALSE,0.00581425126692927,0.999911486340147,8.85136598534064e-05,162.495214869461,0.0143843193855149,"Converged"
"RS truth",40,3263,TRUE,FALSE,FALSE,FALSE,0.00616840754404845,0.999894037293069,0.000105962706931417,164.675539760166,0.0174513151469719,"Converged"
"RS truth",41,2745,TRUE,FALSE,FALSE,FALSE,0.00681463512746331,0.999900549069541,9.9450930458711e-05,172.905323270547,0.0171973055685603,"Converged"
"RS truth",42,1960,TRUE,FALSE,FALSE,FALSE,0.00817197727932808,0.99990915760896,9.0842391039514e-05,179.623268523619,0.0163188896459728,"Converged"
"RS truth",43,2321,TRUE,FALSE,FALSE,FALSE,0.0076786688296347,0.999913713566523,8.62864334770785e-05,191.228504151884,0.0165018494881609,"Converged"
"RS truth",44,5905,TRUE,FALSE,FALSE,FALSE,0.00476830692549046,0.999905633881417,9.43661185832667e-05,166.026548573053,0.0156687595706389,"Converged"
"RS truth",45,2045,TRUE,FALSE,FALSE,FALSE,0.00791163100456505,0.999893206760631,0.00010679323936913,182.85030632399,0.0195292621251414,"Converged"
"RS truth",46,1859,TRUE,FALSE,FALSE,FALSE,0.00827592537724375,0.999925589567275,7.44104327251582e-05,185.657792370638,0.0138159047165452,"Converged"
"RS truth",47,2695,TRUE,FALSE,FALSE,FALSE,0.00746727155778838,0.999910524360276,8.9475639723835e-05,184.03952973851,0.016468528189922,"Converged"
"RS truth",48,1790,TRUE,FALSE,FALSE,FALSE,0.00860642028769687,0.999916354930844,8.36450691559243e-05,174.003296042403,0.0145557352463069,"Converged"
"RS truth",49,1804,TRUE,FALSE,FALSE,FALSE,0.00826643725361396,0.999909097362423,9.09026375770505e-05,177.629962001437,0.0161484999998848,"Converged"
"RS truth",50,3325,TRUE,FALSE,FALSE,FALSE,0.00629774704450537,0.999886758772559,0.000113241227440719,145.162082259725,0.016440194080699,"Converged"
"RS truth",51,2076,TRUE,FALSE,FALSE,FALSE,0.00801498573127741,0.999903849291384,9.61507086160163e-05,164.560777313972,0.0158241568530356,"Converged"
"RS truth",52,4576,TRUE,FALSE,FALSE,FALSE,0.0053029081331557,0.99992203302609,7.79669739103817e-05,181.75395234419,0.0141719106015123,"Converged"
"RS truth",53,2289,TRUE,FALSE,FALSE,FALSE,0.00724999463470602,0.999925351712886,7.46482871144538e-05,217.393300464199,0.0162292489954489,"Converged"
"RS truth",54,2445,TRUE,FALSE,FALSE,FALSE,0.00721546754174158,0.99987832630524,0.00012167369476046,170.285788873373,0.0207218223981163,"Converged"
"RS truth",55,3716,TRUE,FALSE,FALSE,FALSE,0.00605505485401268,0.999896281163275,0.000103718836724886,186.670188744117,0.0193632231587361,"Converged"
"RS truth",56,1817,TRUE,FALSE,FALSE,FALSE,0.00848481567686431,0.999844851380888,0.000155148619111589,115.629698337393,0.0179425717905728,"Converged"
"RS truth",57,2715,TRUE,FALSE,FALSE,FALSE,0.00676959325549503,0.999940921214542,5.90787854578556e-05,239.135299204417,0.0141286577410373,"Converged"
"RS truth",58,2774,TRUE,FALSE,FALSE,FALSE,0.00671401031751281,0.999920414956867,7.95850431333234e-05,180.535565038209,0.0143690742940623,"Converged"
"RS truth",59,2385,TRUE,FALSE,FALSE,FALSE,0.00751522058742279,0.999879071467652,0.000120928532348463,162.491093030179,0.0196521859098367,"Converged"
"RS truth",60,1860,TRUE,FALSE,FALSE,FALSE,0.00830572217524842,0.999860355638383,0.000139644361617064,138.228327212348,0.0193055024155235,"Converged"
"RS truth",61,5097,TRUE,FALSE,FALSE,FALSE,0.00539997823684453,0.999913421541098,8.65784589021423e-05,202.549390681449,0.0175379325039363,"Converged"
"RS truth",62,12858,TRUE,FALSE,FALSE,FALSE,0.00327648412393938,0.999896820343577,0.00010317965642348,170.851666764019,0.0176302353577172,"Converged"
"RS truth",63,3528,TRUE,FALSE,FALSE,FALSE,0.00614691008988595,0.999920007844098,7.99921559018202e-05,209.06876196436,0.0167251988859704,"Converged"
"RS truth",64,4842,TRUE,FALSE,FALSE,FALSE,0.00543584351594753,0.999918783865815,8.12161341852136e-05,186.031032040095,0.0151099484323815,"Converged"
"RS truth",65,2085,TRUE,FALSE,FALSE,FALSE,0.00805757995012103,0.999916612791024,8.3387208975827e-05,193.159894414802,0.0161084077164763,"Converged"
"RS truth",66,3113,TRUE,FALSE,FALSE,FALSE,0.00625499338114618,0.999908160832549,9.18391674508134e-05,155.213354590931,0.0142559745197101,"Converged"
"RS truth",67,3790,TRUE,FALSE,FALSE,FALSE,0.00600753870463893,0.999909419865295,9.05801347048651e-05,185.450368373123,0.0167996410620547,"Converged"
"RS truth",68,2488,TRUE,FALSE,FALSE,FALSE,0.0072830779423696,0.999866555386989,0.000133444613010569,149.812376640027,0.0199943227595851,"Converged"
"RS truth",69,2885,TRUE,FALSE,FALSE,FALSE,0.0064474587024798,0.99990405845946,9.59415405399344e-05,195.717849680105,0.0187792737219237,"Converged"
"RS truth",70,1395,TRUE,FALSE,FALSE,FALSE,0.00916088519386258,0.99990805790554,9.19420944600624e-05,185.949297234679,0.0170981398899259,"Converged"
"RS truth",71,2395,TRUE,FALSE,FALSE,FALSE,0.00771417742533648,0.999921658683751,7.83413162490643e-05,213.260423575553,0.0167084112456712,"Converged"
"RS truth",72,2360,TRUE,FALSE,FALSE,FALSE,0.00741879181169461,0.99991658445029,8.34155497103639e-05,173.028851600545,0.0144345008338343,"Converged"
"RS truth",73,2170,TRUE,FALSE,FALSE,FALSE,0.00778935884769819,0.99989107176853,0.000108928231470462,184.547145462142,0.0201045841349075,"Converged"
"RS truth",74,2346,TRUE,FALSE,FALSE,FALSE,0.00786408267776765,0.999900391991507,9.96080084934015e-05,189.768810651163,0.0189043763304018,"Converged"
"RS truth",75,1617,TRUE,FALSE,FALSE,FALSE,0.0085782402539264,0.9999073837612,9.26162388005247e-05,151.048286887461,0.013990819985904,"Converged"
"RS truth",76,1609,TRUE,FALSE,FALSE,FALSE,0.0089450542773072,0.999856629997661,0.000143370002338772,136.552315303508,0.0195803129939484,"Converged"
"RS truth",77,1639,TRUE,FALSE,FALSE,FALSE,0.00890258291768812,0.999909805956824,9.01940431758952e-05,131.087460752728,0.0118243745831017,"Converged"
"RS truth",78,10505,TRUE,FALSE,FALSE,FALSE,0.00347661626139091,0.999916307445404,8.36925545962819e-05,186.870725117639,0.0156409973993835,"Converged"
"RS truth",79,2171,TRUE,FALSE,FALSE,FALSE,0.00770208279558783,0.999921439185613,7.85608143873961e-05,218.942077649994,0.0172016192970728,"Converged"
"RS truth",80,3391,TRUE,FALSE,FALSE,FALSE,0.00627511373757328,0.999923095430795,7.69045692049497e-05,212.376659545423,0.0163339916701198,"Converged"
"RS truth",81,1328,TRUE,FALSE,FALSE,FALSE,0.00973988114510315,0.999900262110957,9.97378890432721e-05,167.43537624155,0.0167013167315733,"Converged"
"RS truth",82,7470,TRUE,FALSE,FALSE,FALSE,0.00430720373485028,0.999906484077709,9.35159222912318e-05,193.038253458794,0.0180538386310582,"Converged"
"RS truth",83,2600,TRUE,FALSE,FALSE,FALSE,0.00723215752160447,0.999900454094464,9.95459055355141e-05,143.842510115692,0.0143203584570181,"Converged"
"RS truth",84,1902,TRUE,FALSE,FALSE,FALSE,0.0083682856409596,0.999874171414331,0.000125828585669341,131.487146393,0.0165469237403402,"Converged"
"RS truth",85,3357,TRUE,FALSE,FALSE,FALSE,0.00631132263368811,0.999904463740365,9.55362596353204e-05,181.423942932477,0.0173342209626951,"Converged"
"RS truth",86,6190,TRUE,FALSE,FALSE,FALSE,0.0045833312076928,0.999912904020175,8.70959798251469e-05,169.808987490722,0.0147909683825043,"Converged"
"RS truth",87,2386,TRUE,FALSE,FALSE,FALSE,0.00736341713034654,0.999915940339048,8.40596609519295e-05,192.902864051351,0.0162167125201689,"Converged"
"RS truth",88,3668,TRUE,FALSE,FALSE,FALSE,0.00570457489928077,0.999897469148847,0.000102530851152527,171.13136433825,0.0175480436603466,"Converged"
"RS truth",89,2819,TRUE,FALSE,FALSE,FALSE,0.00696698329587872,0.999911979212726,8.80207872743233e-05,161.24953762176,0.0141945606654927,"Converged"
"RS truth",90,1478,TRUE,FALSE,FALSE,FALSE,0.00916897569665819,0.999887047830949,0.000112952169050939,185.994551974109,0.0210108612994907,"Converged"
"RS truth",91,2603,TRUE,FALSE,FALSE,FALSE,0.0072762070496899,0.999905932550625,9.40674493749016e-05,173.808161897348,0.016351228588591,"Converged"
"RS truth",92,2489,TRUE,FALSE,FALSE,FALSE,0.00735662655858534,0.999868155593272,0.000131844406727977,134.214660794316,0.0176977856806767,"Converged"
"RS truth",93,2215,TRUE,FALSE,FALSE,FALSE,0.00772313711512166,0.999915057999276,8.49420007242863e-05,215.079483324294,0.0182708335894713,"Converged"
"RS truth",94,3519,TRUE,FALSE,FALSE,FALSE,0.0060545595535452,0.999891848005687,0.000108151994313466,137.796844870527,0.0149046155467466,"Converged"
"RS truth",95,3096,TRUE,FALSE,FALSE,FALSE,0.00677889570122662,0.999908228221298,9.17717787015659e-05,179.688312490449,0.0164918295336617,"Converged"
"RS truth",96,3054,TRUE,FALSE,FALSE,FALSE,0.00647306924057841,0.999890402122383,0.00010959787761744,161.29752568915,0.0176798041494869,"Converged"
"RS truth",97,2501,TRUE,FALSE,FALSE,FALSE,0.00691014546437473,0.999835801505247,0.000164198494753465,137.84464673874,0.0226376005642617,"Converged"
"RS truth",98,2336,TRUE,FALSE,FALSE,FALSE,0.00763923810548565,0.999906942717536,9.30572824638931e-05,183.201895734862,0.0170498571726946,"Converged"
"RS truth",99,3076,TRUE,FALSE,FALSE,FALSE,0.00632917768753845,0.999914855230723,8.51447692766794e-05,218.182095356259,0.018578646043942,"Converged"
"RS truth",100,3485,TRUE,FALSE,FALSE,FALSE,0.00635514658349271,0.999911897499334,8.8102500665932e-05,173.720201126052,0.0153065326791994,"Converged"
