"truth_kernel","fitted_kernel","rep","tv_wrong","tv_correct","delta_tv"
"mse","ou",1,0.0699834062038038,0.0194852838706232,0.0504981223331806
"mse","ou",2,0.0749186432674709,0.0334309243224685,0.0414877189450024
"mse","ou",3,0.0630184030139947,0.0214372408765585,0.0415811621374362
"mse","ou",4,0.0687222472030117,0.016697199809212,0.0520250473937997
"mse","ou",5,0.0627875592679346,0.0172093198801435,0.0455782393877911
"mse","ou",6,0.0695786000394874,0.00661204222616689,0.0629665578133205
"mse","ou",7,0.0665166010082341,0.0205940612885572,0.0459225397196769
"mse","ou",8,0.0789478212839991,0.0230779876813945,0.0558698336026046
"mse","ou",9,0.0694214206875028,0.018303583117567,0.0511178375699358
"mse","ou",10,0.0701300923916783,0.0174378964620597,0.0526921959296186
"mse","ou",11,0.07638438908541,0.0234965908745202,0.0528877982108898
"mse","ou",12,0.0857607014055999,0.0286937114730063,0.0570669899325936
"mse","ou",13,0.0686667683312981,0.0130797697480946,0.0555869985832035
"mse","ou",14,0.0626068849211595,0.024460123938502,0.0381467609826575
"mse","ou",15,0.0776405865603409,0.0254926562944266,0.0521479302659143
"mse","ou",16,0.0670221496782813,0.0135356915866723,0.053486458091609
"mse","ou",17,0.0660292212059084,0.0373063628322771,0.0287228583736313
"mse","ou",18,0.0684578460794989,0.0153649734993636,0.0530928725801353
"mse","ou",19,0.0666965688233353,0.01895009204472,0.0477464767786153
"mse","ou",20,0.0708570204415545,0.0174812264644923,0.0533757939770622
"mse","ou",21,0.0669199341677058,0.00365394821984999,0.0632659859478558
"mse","ou",22,0.0711849511381503,0.015436703456465,0.0557482476816853
"mse","ou",23,0.0799295751003464,0.0170623172172862,0.0628672578830602
"mse","ou",24,0.0699790969937001,0.0120393305475666,0.0579397664461335
"mse","ou",25,0.0719870551969391,0.0140956283848082,0.0578914268121309
"mse","ou",26,0.0774507032316543,0.0249829200930391,0.0524677831386152
"mse","ou",27,0.0704953753556733,0.0127227402441567,0.0577726351115166
"mse","ou",28,0.0650279883120354,0.00569825729724282,0.0593297310147926
"mse","ou",29,0.071118496158679,0.00970747074434335,0.0614110254143356
"mse","ou",30,0.0744868312373104,0.0115334695919377,0.0629533616453727
"mse","ou",31,0.0661059710435722,0.0226020818659122,0.04350388917766
"mse","ou",32,0.0732948571760293,0.00880683247806528,0.064488024697964
"mse","ou",33,0.0717103043994285,0.0221154696990284,0.0495948347004001
"mse","ou",34,0.0676883588555302,0.0270446824158785,0.0406436764396517
"mse","ou",35,0.0756658649583315,0.020129216927656,0.0555366480306755
"mse","ou",36,0.0731005701615221,0.00918858409408094,0.0639119860674412
"mse","ou",37,0.0658038860627748,0.0211600089394876,0.0446438771232872
"mse","ou",38,0.0655930163976109,0.02301164933633,0.0425813670612809
"mse","ou",39,0.0775916896968451,0.0183414796239674,0.0592502100728777
"mse","ou",40,0.0675229594681919,0.0100512160370305,0.0574717434311614
"mse","ou",41,0.0668053726663345,0.0203368156360917,0.0464685570302428
"mse","ou",42,0.0698282494983209,0.0158787707556822,0.0539494787426387
"mse","ou",43,0.0661306923608143,0.00733974534818729,0.058790947012627
"mse","ou",44,0.0668114729684127,0.0103688350113173,0.0564426379570954
"mse","ou",45,0.064081850567104,0.0151069292373466,0.0489749213297574
"mse","ou",46,0.0796518558209403,0.0111211032966038,0.0685307525243365
"mse","ou",47,0.0636438109758833,0.0133562301767347,0.0502875807991486
"mse","ou",48,0.0778656955153269,0.0302600461738982,0.0476056493414287
"mse","ou",49,0.0732566251890901,0.0103982886480325,0.0628583365410576
"mse","ou",50,0.0670355212745667,0.00477265685013773,0.0622628644244289
"mse","ou",51,0.0836390215373945,0.00773764509868404,0.0759013764387104
"mse","ou",52,0.0773716397244023,0.010621941932461,0.0667496977919413
"mse","ou",53,0.067779427022181,0.0239605743576468,0.0438188526645342
"mse","ou",54,0.0652669516628058,0.0228162375748458,0.04245071408796
"mse","ou",55,0.0636267695813376,0.0243022917780001,0.0393244778033375
"mse","ou",56,0.0644972778169067,0.0108615137572656,0.0536357640596411
"mse","ou",57,0.0636061076070666,0.0168274450163642,0.0467786625907024
"mse","ou",58,0.0716024987822983,0.0109655349620389,0.0606369638202594
"mse","ou",59,0.0635699034467647,0.024384851035073,0.0391850524116917
"mse","ou",60,0.0680532814025678,0.0155516155777306,0.0525016658248372
"mse","ou",61,0.0664731549733131,0.0201130371489342,0.0463601178243789
"mse","ou",62,0.0626751171708018,0.0245970785125275,0.0380780386582743
"mse","ou",63,0.0649545663352781,0.0253251224556969,0.0396294438795812
"mse","ou",64,0.0705733416717199,0.0172483208043454,0.0533250208673745
"mse","ou",65,0.0641593100890397,0.01837259796992,0.0457867121191197
"mse","ou",66,0.0717279971389632,0.0155829435188281,0.0561450536201351
"mse","ou",67,0.0664333794650643,0.0228387735983275,0.0435946058667368
"mse","ou",68,0.06610333211257,0.0139932838004467,0.0521100483121233
"mse","ou",69,0.06964546728211,0.00834372566903541,0.0613017416130745
"mse","ou",70,0.0727254928105085,0.024410906805802,0.0483145860047065
"mse","ou",71,0.0674007023526982,0.0204590780042841,0.0469416243484141
"mse","ou",72,0.0631252581213106,0.0265223092241965,0.0366029488971141
"mse","ou",73,0.0684764004398898,0.0205423405633013,0.0479340598765885
"mse","ou",74,0.0765851473660814,0.0295115558562186,0.0470735915098628
"mse","ou",75,0.0731867393644994,0.0112388772797588,0.0619478620847406
"mse","ou",76,0.082101128491807,0.0275004121913162,0.0546007163004908
"mse","ou",77,0.0642951945640112,0.00908549346467825,0.0552097010993329
"mse","ou",78,0.0662633686841946,0.0235443752049408,0.0427189934792538
"mse","ou",79,0.064128784477623,0.0159649579207958,0.0481638265568272
"mse","ou",80,0.0819806155678415,0.0242181490159386,0.057762466551903
"mse","ou",81,0.0646414043918408,0.0302869253117362,0.0343544790801046
"mse","ou",82,0.0735748790772104,0.0108459574080447,0.0627289216691657
"mse","ou",83,0.0764114278276968,0.0188380497422275,0.0575733780854693
"mse","ou",84,0.0730712843091994,0.0161611645387306,0.0569101197704688
"mse","ou",85,0.0677672233304377,0.02423989112015,0.0435273322102877
"mse","ou",86,0.0672722745764804,0.0205681944650295,0.0467040801114509
"mse","ou",87,0.0762125540512883,0.00919895766833223,0.0670135963829561
"mse","ou",88,0.0676635904013971,0.0171468360346314,0.0505167543667657
"mse","ou",89,0.0680751656147257,0.0225199068977447,0.045555258716981
"mse","ou",90,0.0753373492305473,0.0214848823538783,0.053852466876669
"mse","ou",91,0.0704034136381235,0.0167145826840962,0.0536888309540273
"mse","ou",92,0.0714106944579327,0.0165608690664563,0.0548498253914764
"mse","ou",93,0.0691703872499147,0.0108182995550667,0.058352087694848
"mse","ou",94,0.0716758584245485,0.0120580069049071,0.0596178515196414
"mse","ou",95,0.0665121256229279,0.0234533174731948,0.0430588081497331
"mse","ou",96,0.0699807559969505,0.0203381597654973,0.0496425962314532
"mse","ou",97,0.0670588233900881,0.0119018279600638,0.0551569954300243
"mse","ou",98,0.0645689704269829,0.0302832904491121,0.0342856799778708
"mse","ou",99,0.0725972637981161,0.00652900033496689,0.0660682634631492
"mse","ou",100,0.0704909117210829,0.0139030904094145,0.0565878213116684
"ou","mse",1,0.0301407571341275,0.0211436778777489,0.00899707925637862
"ou","mse",2,0.0365178161897822,0.0225802837693434,0.0139375324204388
"ou","mse",3,0.0182320385385247,0.0140395188458558,0.00419251969266892
"ou","mse",5,0.0431855494774946,0.0268993857255575,0.0162861637519371
"ou","mse",6,0.0357278727020288,0.0211991245916638,0.014528748110365
"ou","mse",7,0.0265110813104237,0.0041398440121279,0.0223712372982958
"ou","mse",8,0.0377289921605151,0.022219863575777,0.0155091285847381
"ou","mse",9,0.0232179434764018,0.00945014646279422,0.0137677970136076
"ou","mse",10,0.026167659387362,0.0145046528333603,0.0116630065540017
"ou","mse",11,0.0306033323446069,0.0155277649412478,0.0150755674033591
"ou","mse",12,0.0166802154527424,0.0121424440818268,0.00453777137091564
"ou","mse",13,0.0123678985499011,0.00819263053756134,0.00417526801233972
"ou","mse",14,0.0148769947932346,0.00721266279383087,0.00766433199940377
"ou","mse",15,0.0227094313477417,0.0207743217913895,0.00193510955635219
"ou","mse",16,0.039999642579409,0.0253696385911651,0.0146300039882439
"ou","mse",17,0.033565198534596,0.0420887218346375,-0.00852352330004145
"ou","mse",18,0.0126970326422052,0.00899795448969973,0.00369907815250545
"ou","mse",19,0.0195918464830078,0.00826078342334002,0.0113310630596677
"ou","mse",20,0.0237621558821937,0.0176976669090925,0.00606448897310117
"ou","mse",21,0.0303033604266304,0.0162147545077686,0.0140886059188618
"ou","mse",22,0.0481047659228164,0.0269133947715505,0.0211913711512659
"ou","mse",23,0.0315749293618937,0.0146708795592879,0.0169040498026058
"ou","mse",24,0.0238989266730909,0.0172409036137356,0.00665802305935533
"ou","mse",25,0.04846850336773,0.0388317470822749,0.00963675628545511
"ou","mse",26,0.0193063717805402,0.00144645662801821,0.017859915152522
"ou","mse",27,0.0236195215001851,0.00291898891411932,0.0207005325860658
"ou","mse",28,0.0314992909673591,0.00296848566310068,0.0285308053042584
"ou","mse",29,0.0182543877131078,0.0123582182769299,0.00589616943617794
"ou","mse",30,0.0267433412299324,0.0236975747213503,0.00304576650858207
"ou","mse",31,0.0274217733786849,0.0121900649481412,0.0152317084305437
"ou","mse",32,0.0202426319478823,0.00995824822074984,0.0102843837271324
"ou","mse",33,0.0152576970302343,0.00400854133663903,0.0112491556935952
"ou","mse",34,0.0244358230094243,0.0251690253745316,-0.00073320236510727
"ou","mse",35,0.0179244477989882,0.00896580398978403,0.00895864380920419
"ou","mse",36,0.0456958041719187,0.0339098056240457,0.011785998547873
"ou","mse",37,0.0447453331108715,0.0340475300338588,0.0106978030770127
"ou","mse",38,0.027072352167926,0.0184714870483131,0.00860086511961291
"ou","mse",39,0.028060228586315,0.0349314492321623,-0.00687122064584733
"ou","mse",40,0.0286169000221615,0.0272255533670056,0.00139134665515592
"ou","mse",42,0.0200317804228788,0.00929195152931607,0.0107398288935628
"ou","mse",43,0.0147685320430313,0.0157447371285825,-0.000976205085551197
"ou","mse",45,0.0217648382042345,0.0124869088950687,0.00927792930916576
"ou","mse",46,0.0311782867127772,0.0233643197175061,0.00781396699527108
"ou","mse",47,0.0256703858648437,0.0135879501135528,0.0120824357512909
"ou","mse",48,0.0321199934116328,0.00930307255543444,0.0228169208561983
"ou","mse",49,0.0303918013845692,0.017881276556671,0.0125105248278982
"ou","mse",50,0.0297152181826311,0.00270782233841852,0.0270073958442126
"ou","mse",51,0.0197164939342499,0.0201467302438128,-0.000430236309562921
"ou","mse",52,0.035992573896543,0.0222683433281232,0.0137242305684198
"ou","mse",53,0.0348072743222898,0.0191990360337864,0.0156082382885034
"ou","mse",54,0.0414476943293929,0.029110440818191,0.0123372535112019
"ou","mse",55,0.0388306085096133,0.0147210622381716,0.0241095462714417
"ou","mse",56,0.0181808433230017,0.00660122161279973,0.011579621710202
"ou","mse",57,0.0242850070565259,0.0119129681544447,0.0123720389020812
"ou","mse",58,0.03476995902186,0.0155276176730428,0.0192423413488172
"ou","mse",59,0.0264794869906926,0.0209767918842362,0.00550269510645639
"ou","mse",60,0.0304108203726686,0.0169449245362582,0.0134658958364104
"ou","mse",61,0.0194987022716683,0.01133404763699,0.00816465463467833
"ou","mse",62,0.038848651276304,0.0287129647540257,0.0101356865222783
"ou","mse",63,0.0216258595197847,0.0141577897210073,0.00746806979877742
"ou","mse",64,0.0300954335535271,0.0287511288174509,0.00134430473607619
"ou","mse",65,0.0382084079470852,0.0132538908581905,0.0249545170888947
"ou","mse",66,0.0133433670438275,0.0163473264685506,-0.00300395942472312
"ou","mse",67,0.0323992744903951,0.0255912713187199,0.00680800317167521
"ou","mse",68,0.0325649493293754,0.011327151371168,0.0212377979582074
"ou","mse",69,0.0151070338481158,0.0194931999772376,-0.0043861661291218
"ou","mse",70,0.0261770114696339,0.0175961442052927,0.00858086726434116
"ou","mse",71,0.0322598882991339,0.017777674212567,0.0144822140865669
"ou","mse",72,0.027955055224805,0.0114585657662519,0.0164964894585531
"ou","mse",73,0.023584520260904,0.0256723275967491,-0.00208780733584514
"ou","mse",74,0.0218350892733447,0.0145288178950744,0.00730627137827025
"ou","mse",75,0.0252214704093675,0.0293579732271941,-0.0041365028178266
"ou","mse",76,0.0169935379935398,0.0120452787457743,0.00494825924776552
"ou","mse",77,0.0327745837068693,0.0164398294535747,0.0163347542532946
"ou","mse",78,0.0243042816291445,0.0156446554352641,0.00865962619388045
"ou","mse",79,0.0341076288263781,0.0209468869627337,0.0131607418636444
"ou","mse",80,0.0308547337151714,0.0196883873715705,0.0111663463436009
"ou","mse",81,0.0235206949057922,0.0014157768244253,0.0221049180813669
"ou","mse",82,0.0309039281356165,0.0192098163259146,0.0116941118097019
"ou","mse",83,0.0218637475143254,0.0236235851973326,-0.00175983768300718
"ou","mse",84,0.0311454709097384,0.0175607757523879,0.0135846951573505
"ou","mse",85,0.0238453074031323,0.0235246426016938,0.000320664801438518
"ou","mse",86,0.019728745046879,0.007971797511896,0.011756947534983
"ou","mse",87,0.020666593228962,0.014896328952564,0.00577026427639795
"ou","mse",88,0.0464053390511959,0.0381478676765398,0.00825747137465608
"ou","mse",89,0.0223294625608538,0.00893023595276404,0.0133992266080897
"ou","mse",90,0.0113045715580546,0.0118569210413139,-0.000552349483259258
"ou","mse",91,0.0348775880832129,0.02421928544217,0.0106583026410429
"ou","mse",92,0.0363770851208564,0.0115733460891085,0.0248037390317479
"ou","mse",93,0.033678036513108,0.0184393237667299,0.0152387127463781
"ou","mse",94,0.0199623223264876,0.0102855439653632,0.00967677836112445
"ou","mse",95,0.0545312721808672,0.0433592233173695,0.0111720488634977
"ou","mse",96,0.0238031016674997,0.0082402377779445,0.0155628638895552
"ou","mse",97,0.0233003458710334,0.0138585038798336,0.00944184199119976
"ou","mse",98,0.0369972020218354,0.00838498401949222,0.0286122180023432
"ou","mse",99,0.0369271995415734,0.0138566552732722,0.0230705442683012
"ou","mse",100,0.0260548037229385,0.016046082530841,0.0100087211920975
"ou","rate_state",1,0.127501098527138,0.0211436778777489,0.106357420649389
"ou","rate_state",2,0.127927782277916,0.0225802837693434,0.105347498508573
"ou","rate_state",3,0.128249019337112,0.0140395188458558,0.114209500491256
"ou","rate_state",4,0.126251853277489,0.00403334618517724,0.122218507092312
"ou","rate_state",5,0.127996868626026,0.0268993857255575,0.101097482900469
"ou","rate_state",6,0.127600187015472,0.0211991245916638,0.106401062423808
"ou","rate_state",7,0.126281558143792,0.0041398440121279,0.122141714131664
"ou","rate_state",8,0.129621445501416,0.022219863575777,0.107401581925639
"ou","rate_state",9,0.126192690326315,0.00945014646279422,0.116742543863521
"ou","rate_state",10,0.126439663570556,0.0145046528333603,0.111935010737196
"ou","rate_state",11,0.126722146504443,0.0155277649412478,0.111194381563195
"ou","rate_state",12,0.126288502582257,0.0121424440818268,0.11414605850043
"ou","rate_state",13,0.126082149592007,0.00819263053756134,0.117889519054445
"ou","rate_state",14,0.126727606255715,0.00721266279383087,0.119514943461885
"ou","rate_state",15,0.126684089591227,0.0207743217913895,0.105909767799837
"ou","rate_state",16,0.129242312496228,0.0253696385911651,0.103872673905063
"ou","rate_state",17,0.126873110146388,0.0420887218346375,0.0847843883117501
"ou","rate_state",18,0.127066854893678,0.00899795448969973,0.118068900403978
"ou","rate_state",19,0.126307299577342,0.00826078342334002,0.118046516154002
"ou","rate_state",20,0.126703618755014,0.0176976669090925,0.109005951845922
"ou","rate_state",21,0.126359827653467,0.0162147545077686,0.110145073145699
"ou","rate_state",22,0.128612649188842,0.0269133947715505,0.101699254417292
"ou","rate_state",23,0.126260792524112,0.0146708795592879,0.111589912964824
"ou","rate_state",24,0.129213775586456,0.0172409036137356,0.11197287197272
"ou","rate_state",25,0.130357637713498,0.0388317470822749,0.0915258906312235
"ou","rate_state",26,0.125857047929346,0.00144645662801821,0.124410591301328
"ou","rate_state",27,0.125892964335994,0.00291898891411932,0.122973975421874
"ou","rate_state",28,0.126383140241873,0.00296848566310068,0.123414654578772
"ou","rate_state",29,0.127035862453472,0.0123582182769299,0.114677644176542
"ou","rate_state",30,0.128220091644019,0.0236975747213503,0.104522516922669
"ou","rate_state",31,0.127100992262667,0.0121900649481412,0.114910927314525
"ou","rate_state",32,0.126285109322425,0.00995824822074984,0.116326861101675
"ou","rate_state",33,0.126775019870507,0.00400854133663903,0.122766478533868
"ou","rate_state",34,0.127450154666827,0.0251690253745316,0.102281129292295
"ou","rate_state",35,0.125735337339506,0.00896580398978403,0.116769533349722
"ou","rate_state",36,0.128338294145881,0.0339098056240457,0.094428488521835
"ou","rate_state",37,0.12744028371645,0.0340475300338588,0.0933927536825913
"ou","rate_state",38,0.126485159695784,0.0184714870483131,0.108013672647471
"ou","rate_state",39,0.125905676032801,0.0349314492321623,0.0909742268006384
"ou","rate_state",40,0.126135915950493,0.0272255533670056,0.0989103625834874
"ou","rate_state",41,0.126722070732416,0.00231811733314574,0.12440395339927
"ou","rate_state",42,0.12638139207724,0.00929195152931607,0.117089440547924
"ou","rate_state",43,0.126603189177846,0.0157447371285825,0.110858452049263
"ou","rate_state",44,0.128161683529159,0.0164463423129051,0.111715341216254
"ou","rate_state",45,0.126527955340237,0.0124869088950687,0.114041046445168
"ou","rate_state",46,0.12641777033405,0.0233643197175061,0.103053450616544
"ou","rate_state",47,0.126341490014774,0.0135879501135528,0.112753539901222
"ou","rate_state",48,0.126281669649288,0.00930307255543444,0.116978597093853
"ou","rate_state",49,0.129471719119672,0.017881276556671,0.111590442563001
"ou","rate_state",50,0.125968267088116,0.00270782233841852,0.123260444749697
"ou","rate_state",51,0.126288524318386,0.0201467302438128,0.106141794074573
"ou","rate_state",52,0.131401355046255,0.0222683433281232,0.109133011718132
"ou","rate_state",53,0.127878141097202,0.0191990360337864,0.108679105063416
"ou","rate_state",54,0.127773635734968,0.029110440818191,0.0986631949167773
"ou","rate_state",55,0.128098973031966,0.0147210622381716,0.113377910793795
"ou","rate_state",56,0.126030927919461,0.00660122161279973,0.119429706306662
"ou","rate_state",57,0.125936072112303,0.0119129681544447,0.114023103957858
"ou","rate_state",58,0.127098025643808,0.0155276176730428,0.111570407970765
"ou","rate_state",59,0.127971697542338,0.0209767918842362,0.106994905658102
"ou","rate_state",60,0.126966693569918,0.0169449245362582,0.11002176903366
"ou","rate_state",61,0.125996527820256,0.01133404763699,0.114662480183266
"ou","rate_state",62,0.129851243955699,0.0287129647540257,0.101138279201673
"ou","rate_state",63,0.125844594784489,0.0141577897210073,0.111686805063482
"ou","rate_state",64,0.126580729761128,0.0287511288174509,0.0978296009436772
"ou","rate_state",65,0.126526806682087,0.0132538908581905,0.113272915823896
"ou","rate_state",66,0.12606664298523,0.0163473264685506,0.109719316516679
"ou","rate_state",67,0.127467150560361,0.0255912713187199,0.101875879241641
"ou","rate_state",68,0.126306223798766,0.011327151371168,0.114979072427598
"ou","rate_state",69,0.126399666747406,0.0194931999772376,0.106906466770168
"ou","rate_state",70,0.127789733055503,0.0175961442052927,0.110193588850211
"ou","rate_state",71,0.127411368871837,0.017777674212567,0.10963369465927
"ou","rate_state",72,0.126923457461364,0.0114585657662519,0.115464891695112
"ou","rate_state",73,0.12907642400363,0.0256723275967491,0.103404096406881
"ou","rate_state",74,0.126495077321213,0.0145288178950744,0.111966259426138
"ou","rate_state",75,0.127691236088457,0.0293579732271941,0.0983332628612627
"ou","rate_state",76,0.125902810730397,0.0120452787457743,0.113857531984623
"ou","rate_state",77,0.127149413779174,0.0164398294535747,0.110709584325599
"ou","rate_state",78,0.126680579802174,0.0156446554352641,0.11103592436691
"ou","rate_state",79,0.127163072274865,0.0209468869627337,0.106216185312131
"ou","rate_state",80,0.126565539582231,0.0196883873715705,0.106877152210661
"ou","rate_state",81,0.126826485899947,0.0014157768244253,0.125410709075522
"ou","rate_state",82,0.126596345210246,0.0192098163259146,0.107386528884331
"ou","rate_state",83,0.126026899296167,0.0236235851973326,0.102403314098834
"ou","rate_state",84,0.127747489562548,0.0175607757523879,0.11018671381016
"ou","rate_state",85,0.126085862229196,0.0235246426016938,0.102561219627502
"ou","rate_state",86,0.126587656279402,0.007971797511896,0.118615858767506
"ou","rate_state",87,0.12700935340772,0.014896328952564,0.112113024455156
"ou","rate_state",88,0.129336858019224,0.0381478676765398,0.091188990342684
"ou","rate_state",89,0.125892772097564,0.00893023595276404,0.1169625361448
"ou","rate_state",90,0.126460796167465,0.0118569210413139,0.114603875126151
"ou","rate_state",91,0.126245972643258,0.02421928544217,0.102026687201088
"ou","rate_state",92,0.126438045215376,0.0115733460891085,0.114864699126268
"ou","rate_state",93,0.126092031828014,0.0184393237667299,0.107652708061285
"ou","rate_state",94,0.126152702817789,0.0102855439653632,0.115867158852426
"ou","rate_state",95,0.129953037491081,0.0433592233173695,0.0865938141737114
"ou","rate_state",96,0.126498733411855,0.0082402377779445,0.11825849563391
"ou","rate_state",97,0.127509288118928,0.0138585038798336,0.113650784239095
"ou","rate_state",98,0.127294664613124,0.00838498401949222,0.118909680593632
"ou","rate_state",99,0.126708665253519,0.0138566552732722,0.112852009980247
"ou","rate_state",100,0.128111945263698,0.016046082530841,0.112065862732857
"rate_state","mse",3,0.055662520579735,0.0189097207317072,0.0367527998480278
"rate_state","mse",4,0.0553309232155323,0.027498569518521,0.0278323536970113
"rate_state","mse",6,0.0519789368708812,0.00648361761382721,0.045495319257054
"rate_state","mse",7,0.048596781851929,0.0262229041859366,0.0223738776659924
"rate_state","mse",8,0.052540059168355,0.0252388691740629,0.0273011899942921
"rate_state","mse",9,0.0585595442773186,0.0220960816024168,0.0364634626749018
"rate_state","mse",10,0.053557539376965,0.0148178572399102,0.0387396821370548
"rate_state","mse",11,0.0560126963706158,0.0318820938526727,0.0241306025179431
"rate_state","mse",13,0.0487100134994959,0.00868156803844172,0.0400284454610542
"rate_state","mse",14,0.0484646896824072,0.0145120959686079,0.0339525937137993
"rate_state","mse",16,0.0545039857015065,0.0111650641445143,0.0433389215569922
"rate_state","mse",17,0.0453783360483319,0.0095852055263558,0.0357931305219761
"rate_state","mse",18,0.0548467113842228,0.0165704097292921,0.0382763016549307
"rate_state","mse",19,0.0545937104159999,0.00728233780485209,0.0473113726111478
"rate_state","mse",21,0.0693543624985767,0.0253665982992917,0.043987764199285
"rate_state","mse",22,0.0524747072689845,0.00788137130816967,0.0445933359608148
"rate_state","mse",23,0.0599196986787704,0.0268081760741601,0.0331115226046103
"rate_state","mse",25,0.0528198819741808,0.0169477108091479,0.0358721711650329
"rate_state","mse",26,0.0502999728296572,0.0219867768942338,0.0283131959354234
"rate_state","mse",27,0.0468792336806392,0.0104944135478047,0.0363848201328345
"rate_state","mse",28,0.0475355051894005,0.00394506590152688,0.0435904392878737
"rate_state","mse",29,0.0464666534398373,0.00797005889776186,0.0384965945420754
"rate_state","mse",30,0.0519505930022168,0.020819676351128,0.0311309166510888
"rate_state","mse",31,0.0569898298441914,0.0165581462967415,0.0404316835474499
"rate_state","mse",33,0.0470582024070339,0.00605510580013364,0.0410030966069002
"rate_state","mse",34,0.0478826049243756,0.0114129919803476,0.036469612944028
"rate_state","mse",35,0.0467408906973475,0.0164159032589633,0.0303249874383842
"rate_state","mse",36,0.0468282855447285,0.00431869432933061,0.0425095912153979
"rate_state","mse",37,0.0533578457283659,0.0280460447702828,0.0253118009580831
"rate_state","mse",38,0.0483161326065558,0.00856303399043743,0.0397530986161184
"rate_state","mse",40,0.0523795632723538,0.012064044416655,0.0403155188556988
"rate_state","mse",41,0.0500299459023255,0.00846354220823343,0.0415664036940921
"rate_state","mse",42,0.0472657921300757,0.00333325727783259,0.0439325348522431
"rate_state","mse",44,0.0495855020282107,0.0101849259686186,0.0394005760595921
"rate_state","mse",45,0.0561617249833065,0.0140120865589594,0.0421496384243471
"rate_state","mse",47,0.0482132759978136,0.002726671997505,0.0454866040003086
"rate_state","mse",48,0.0460460971404738,0.00973740717044373,0.03630868997003
"rate_state","mse",49,0.0461474210610236,0.00412784411856818,0.0420195769424554
"rate_state","mse",50,0.0492872615544055,0.0197926031577839,0.0294946583966216
"rate_state","mse",51,0.0445333119052002,0.0109484088558736,0.0335849030493266
"rate_state","mse",53,0.0462534859340926,0.011407665385168,0.0348458205489246
"rate_state","mse",54,0.0567663509611151,0.0200829170145913,0.0366834339465238
"rate_state","mse",55,0.0530728329405401,0.0127470746544694,0.0403257582860707
"rate_state","mse",56,0.0525770314051994,0.0373760714926695,0.0152009599125299
"rate_state","mse",57,0.0594872361859695,0.0206820217819277,0.0388052144040418
"rate_state","mse",58,0.0454069126846798,0.0090656350472737,0.0363412776374061
"rate_state","mse",59,0.0554344521651404,0.0196603822859784,0.035774069879162
"rate_state","mse",60,0.051625147616052,0.0274308500772587,0.0241942975387933
"rate_state","mse",61,0.0486615109239446,0.00856284755724742,0.0400986633666972
"rate_state","mse",62,0.0534129494247658,0.0104642010502726,0.0429487483744933
"rate_state","mse",63,0.0462345335189371,0.00886452811965022,0.0373700053992869
"rate_state","mse",65,0.0447096334790935,0.0020000383826044,0.0427095950964891
"rate_state","mse",66,0.0471757208967598,0.0175612078206554,0.0296145130761044
"rate_state","mse",68,0.0637989792186279,0.0247252437148254,0.0390737355038025
"rate_state","mse",69,0.0491148412856699,0.0123503378254036,0.0367645034602663
"rate_state","mse",70,0.0473565732580693,0.0046962082714943,0.042660364986575
"rate_state","mse",71,0.0469644285862054,0.0102114936493694,0.036752934936836
"rate_state","mse",73,0.0518221033113723,0.0156282879867362,0.0361938153246361
"rate_state","mse",74,0.0516102397945663,0.011827214346716,0.0397830254478503
"rate_state","mse",75,0.052891253105135,0.0207674800957041,0.032123773009431
"rate_state","mse",76,0.0518251316588527,0.0297858799593115,0.0220392516995412
"rate_state","mse",78,0.0513394528364026,0.00213044320805308,0.0492090096283496
"rate_state","mse",80,0.044839013585265,0.00954154667461069,0.0352974669106543
"rate_state","mse",81,0.0444873921912531,0.00938822102494221,0.0350991711663109
"rate_state","mse",82,0.0534518239349315,0.00896724696899061,0.0444845769659409
"rate_state","mse",84,0.0574342891841597,0.0277751402887566,0.0296591488954031
"rate_state","mse",87,0.0465367065892216,0.0024284517704737,0.0441082548187479
"rate_state","mse",88,0.0485835632209106,0.0102273394187168,0.0383562238021938
"rate_state","mse",89,0.0526247538973178,0.0153394417519038,0.037285312145414
"rate_state","mse",90,0.052163326303044,0.0186917273750742,0.0334715989279698
"rate_state","mse",92,0.0538693641576731,0.0262631843083186,0.0276061798493545
"rate_state","mse",93,0.0496635346045641,0.0137642347161496,0.0358992998884145
"rate_state","mse",94,0.0569507568120329,0.0258795505827113,0.0310712062293216
"rate_state","mse",97,0.0615571408122307,0.036117423496561,0.0254397173156697
"rate_state","mse",98,0.046921146245993,0.00476004971833235,0.0421610965276606
"rate_state","mse",99,0.0490390272687414,0.0151765851935894,0.033862442075152
"rate_state","ou",1,0.10865370444189,0.0115675740418884,0.0970861304000017
"rate_state","ou",2,0.107378952577367,0.0143126337730771,0.0930663188042904
"rate_state","ou",3,0.105747477844461,0.0189097207317072,0.0868377571127542
"rate_state","ou",4,0.113839919056797,0.027498569518521,0.0863413495382757
"rate_state","ou",5,0.108608902521014,0.0136411086102051,0.0949677939108094
"rate_state","ou",6,0.144779539466491,0.00648361761382721,0.138295921852663
"rate_state","ou",7,0.107024095433314,0.0262229041859366,0.0808011912473775
"rate_state","ou",8,0.112000340947543,0.0252388691740629,0.0867614717734804
"rate_state","ou",9,0.112827628956784,0.0220960816024168,0.0907315473543675
"rate_state","ou",10,0.124982025573305,0.0148178572399102,0.110164168333395
"rate_state","ou",11,0.106545675839054,0.0318820938526727,0.0746635819863814
"rate_state","ou",12,0.122596137459705,0.00600601690767151,0.116590120552034
"rate_state","ou",13,0.10810622178713,0.00868156803844172,0.0994246537486879
"rate_state","ou",14,0.102701408312326,0.0145120959686079,0.0881893123437179
"rate_state","ou",15,0.120997581255092,0.0097176778347928,0.111279903420299
"rate_state","ou",16,0.137124166333809,0.0111650641445143,0.125959102189294
"rate_state","ou",17,0.1075865552064,0.0095852055263558,0.098001349680044
"rate_state","ou",18,0.127185377196764,0.0165704097292921,0.110614967467472
"rate_state","ou",19,0.110286711714256,0.00728233780485209,0.103004373909404
"rate_state","ou",20,0.109533280458508,0.00978972074078067,0.0997435597177278
"rate_state","ou",21,0.14056779317974,0.0253665982992917,0.115201194880448
"rate_state","ou",22,0.108143482061326,0.00788137130816967,0.100262110753157
"rate_state","ou",23,0.114998889472226,0.0268081760741601,0.0881907133980656
"rate_state","ou",24,0.109509504881919,0.0165697389975845,0.0929397658843343
"rate_state","ou",25,0.120590008744543,0.0169477108091479,0.103642297935395
"rate_state","ou",26,0.110461927292277,0.0219867768942338,0.0884751503980432
"rate_state","ou",27,0.111747679966191,0.0104944135478047,0.101253266418387
"rate_state","ou",28,0.101675627803701,0.00394506590152688,0.0977305619021739
"rate_state","ou",29,0.10550080257114,0.00797005889776186,0.0975307436733781
"rate_state","ou",30,0.113877373069325,0.020819676351128,0.093057696718197
"rate_state","ou",31,0.122341736280936,0.0165581462967415,0.105783589984195
"rate_state","ou",32,0.102447900260304,0.0236180239659755,0.0788298762943283
"rate_state","ou",33,0.120077323913869,0.00605510580013364,0.114022218113735
"rate_state","ou",34,0.106576630750019,0.0114129919803476,0.0951636387696716
"rate_state","ou",35,0.105994308821801,0.0164159032589633,0.089578405562838
"rate_state","ou",36,0.120606883940135,0.00431869432933061,0.116288189610804
"rate_state","ou",37,0.104987041296979,0.0280460447702828,0.0769409965266958
"rate_state","ou",38,0.108386356285246,0.00856303399043743,0.099823322294809
"rate_state","ou",39,0.112758541540652,0.0137961198565851,0.0989624216840669
"rate_state","ou",40,0.115557011321683,0.012064044416655,0.103492966905028
"rate_state","ou",41,0.112631888582471,0.00846354220823343,0.104168346374237
"rate_state","ou",42,0.103676521935414,0.00333325727783259,0.100343264657581
"rate_state","ou",43,0.107399485661805,0.00279957908795801,0.104599906573847
"rate_state","ou",44,0.126013877181468,0.0101849259686186,0.115828951212849
"rate_state","ou",45,0.112596901647269,0.0140120865589594,0.0985848150883092
"rate_state","ou",46,0.106118416884352,0.010610976227809,0.0955074406565427
"rate_state","ou",47,0.112474128081616,0.002726671997505,0.109747456084111
"rate_state","ou",48,0.102458406859631,0.00973740717044373,0.0927209996891868
"rate_state","ou",49,0.110501258123329,0.00412784411856818,0.106373414004761
"rate_state","ou",50,0.110350145985474,0.0197926031577839,0.0905575428276899
"rate_state","ou",51,0.101827929868002,0.0109484088558736,0.0908795210121284
"rate_state","ou",52,0.125490937210283,0.00963558034879753,0.115855356861486
"rate_state","ou",53,0.110379308918425,0.011407665385168,0.0989716435332571
"rate_state","ou",54,0.106338306385791,0.0200829170145913,0.0862553893712
"rate_state","ou",55,0.115043821461244,0.0127470746544694,0.102296746806775
"rate_state","ou",56,0.108415180993828,0.0373760714926695,0.0710391095011584
"rate_state","ou",57,0.102542863631081,0.0206820217819277,0.0818608418491529
"rate_state","ou",58,0.10902272972543,0.0090656350472737,0.0999570946781561
"rate_state","ou",59,0.115405025105524,0.0196603822859784,0.095744642819546
"rate_state","ou",60,0.10236317317302,0.0274308500772587,0.0749323230957611
"rate_state","ou",61,0.107835336918494,0.00856284755724742,0.0992724893612464
"rate_state","ou",62,0.148258917140123,0.0104642010502726,0.137794716089851
"rate_state","ou",63,0.106465896083609,0.00886452811965022,0.0976013679639585
"rate_state","ou",64,0.120644989978684,0.0043002442920086,0.116344745686675
"rate_state","ou",65,0.105042833058887,0.0020000383826044,0.103042794676283
"rate_state","ou",66,0.109320491848486,0.0175612078206554,0.0917592840278307
"rate_state","ou",67,0.107198780650945,0.00350320847081118,0.103695572180134
"rate_state","ou",68,0.123736976717915,0.0247252437148254,0.0990117330030896
"rate_state","ou",69,0.111113712094863,0.0123503378254036,0.0987633742694598
"rate_state","ou",70,0.101804813153222,0.0046962082714943,0.0971086048817278
"rate_state","ou",71,0.102279482176544,0.0102114936493694,0.0920679885271743
"rate_state","ou",72,0.109716411067011,0.00974293430765951,0.0999734767593517
"rate_state","ou",73,0.107774258456402,0.0156282879867362,0.0921459704696654
"rate_state","ou",74,0.105727739064002,0.011827214346716,0.0939005247172856
"rate_state","ou",75,0.10565762968014,0.0207674800957041,0.0848901495844355
"rate_state","ou",76,0.104050504284927,0.0297858799593115,0.0742646243256156
"rate_state","ou",77,0.12728976793707,0.034601034217773,0.0926887337192974
"rate_state","ou",78,0.14020086660174,0.00213044320805308,0.138070423393687
"rate_state","ou",79,0.10485779706103,0.0130319620420516,0.0918258350189788
"rate_state","ou",80,0.10542022031283,0.00954154667461069,0.0958786736382197
"rate_state","ou",81,0.101895484667052,0.00938822102494221,0.0925072636421093
"rate_state","ou",82,0.133450525071509,0.00896724696899061,0.124483278102518
"rate_state","ou",83,0.109380709488302,0.0237326671511475,0.0856480423371544
"rate_state","ou",84,0.117413914943354,0.0277751402887566,0.0896387746545969
"rate_state","ou",85,0.112867572006401,0.0061207733153677,0.106746798691033
"rate_state","ou",86,0.134450799649343,0.010389305015884,0.124061494633459
"rate_state","ou",87,0.105980120480047,0.0024284517704737,0.103551668709573
"rate_state","ou",88,0.112255414295306,0.0102273394187168,0.102028074876589
"rate_state","ou",89,0.129820576053572,0.0153394417519038,0.114481134301669
"rate_state","ou",90,0.104258392634991,0.0186917273750742,0.0855666652599166
"rate_state","ou",91,0.107933455102828,0.00601489261639079,0.101918562486438
"rate_state","ou",92,0.114466743731069,0.0262631843083186,0.0882035594227502
"rate_state","ou",93,0.102289144931686,0.0137642347161496,0.0885249102155363
"rate_state","ou",94,0.121431914050893,0.0258795505827113,0.0955523634681819
"rate_state","ou",95,0.110221790251368,0.00390843579774973,0.106313354453619
"rate_state","ou",96,0.112676550505246,0.0142280632313741,0.0984484872738723
"rate_state","ou",97,0.117355583939715,0.036117423496561,0.0812381604431537
"rate_state","ou",98,0.101485763286257,0.00476004971833235,0.0967257135679244
"rate_state","ou",99,0.108745564265989,0.0151765851935894,0.0935689790723994
"rate_state","ou",100,0.110054225625064,0.00719583775008024,0.102858387874984
