"truth_kernel","fitted_kernel","tolerance","rel_tol","N_max","n_fit","runtime_minutes","converged","hit_max","n_iter","file"
"ou","ou","RT01",0.1,14,2013,0.623486498991648,TRUE,FALSE,22,"truth_ou_fit_ou_RT01.rds"
"ou","ou","RT005",0.05,14,2013,0.631538852055867,TRUE,FALSE,22,"truth_ou_fit_ou_RT005.rds"
"ou","ou","RT001",0.01,14,2013,0.621272500356038,TRUE,FALSE,22,"truth_ou_fit_ou_RT001.rds"
"mse","mse","RT01",0.1,14,2976,1.59498876730601,TRUE,FALSE,31,"truth_mse_fit_mse_RT01.rds"
"mse","mse","RT005",0.05,14,2976,1.56780720154444,TRUE,FALSE,31,"truth_mse_fit_mse_RT005.rds"
"mse","mse","RT001",0.01,14,2976,1.76284818251928,TRUE,FALSE,31,"truth_mse_fit_mse_RT001.rds"
"rate_state","rate_state","RT01",0.1,14,2221,0.862304651737213,TRUE,FALSE,23,"truth_rate_state_fit_rate_state_RT01.rds"
"rate_state","rate_state","RT005",0.05,14,2221,0.818253397941589,TRUE,FALSE,23,"truth_rate_state_fit_rate_state_RT005.rds"
"rate_state","rate_state","RT001",0.01,14,2221,0.836166882514954,TRUE,FALSE,23,"truth_rate_state_fit_rate_state_RT001.rds"
