"truth_form","fitted_form","rep","catalogue_seed","fit_seed","n_fit","runtime_minutes","fit_status","converged","hit_max","inla_failure","nan_inf_logl","vb_aborted","n_iter","min_sd","degenerate","usable","status","error","file"
"ou","mse",3,1003,1000008,3713,34.6512949824333,"hit_max",FALSE,TRUE,FALSE,FALSE,FALSE,100,0.00573775493214967,FALSE,FALSE,"fitted",NA,"rep_0003_fit_mse.rds"
"ou","mse",52,1052,1000155,3210,35.3717050989469,"hit_max",FALSE,TRUE,FALSE,FALSE,FALSE,100,0.00771106312758754,FALSE,FALSE,"fitted",NA,"rep_0052_fit_mse.rds"
"ou","mse",81,1081,1000242,3487,37.2531973997752,"hit_max",FALSE,TRUE,FALSE,FALSE,FALSE,100,0.00752544831090354,FALSE,FALSE,"fitted",NA,"rep_0081_fit_mse.rds"
"mse","rate_state",1,2001,1000303,2379,7.53938764731089,"hit_max",FALSE,TRUE,FALSE,FALSE,FALSE,100,2.54997462293935e-40,TRUE,FALSE,"fitted",NA,"rep_0001_fit_rate_state.rds"
"mse","rate_state",2,2002,1000306,2530,8.70272898276647,"hit_max",FALSE,TRUE,FALSE,FALSE,FALSE,100,0.00754765131865016,FALSE,FALSE,"fitted",NA,"rep_0002_fit_rate_state.rds"
"mse","rate_state",3,2003,1000309,2382,7.63802474737167,"hit_max",FALSE,TRUE,FALSE,FALSE,FALSE,100,0.0086165036962687,FALSE,FALSE,"fitted",NA,"rep_0003_fit_rate_state.rds"
"mse","rate_state",4,2004,1000312,2027,6.69328611691793,"hit_max",FALSE,TRUE,FALSE,FALSE,FALSE,100,0.00888372870020768,FALSE,FALSE,"fitted",NA,"rep_0004_fit_rate_state.rds"
"mse","rate_state",5,2005,1000315,11660,87.0606246471405,"hit_max",FALSE,TRUE,FALSE,FALSE,FALSE,100,0.00371849392257364,FALSE,FALSE,"fitted",NA,"rep_0005_fit_rate_state.rds"
"mse","rate_state",6,2006,1000318,4142,17.2973630666733,"hit_max",FALSE,TRUE,FALSE,FALSE,FALSE,100,3.55446808233749e-74,TRUE,FALSE,"fitted",NA,"rep_0006_fit_rate_state.rds"
"mse","rate_state",7,2007,1000321,2010,6.43116813103358,"hit_max",FALSE,TRUE,FALSE,FALSE,FALSE,100,4.98522805859727e-49,TRUE,FALSE,"fitted",NA,"rep_0007_fit_rate_state.rds"
"mse","rate_state",8,2008,1000324,5127,23.8283626834552,"hit_max",FALSE,TRUE,FALSE,FALSE,FALSE,100,0.00865385822312896,FALSE,FALSE,"fitted",NA,"rep_0008_fit_rate_state.rds"
"mse","rate_state",9,2009,1000327,1818,5.60731951793035,"hit_max",FALSE,TRUE,FALSE,FALSE,FALSE,100,0.00911305952937138,FALSE,FALSE,"fitted",NA,"rep_0009_fit_rate_state.rds"
"mse","rate_state",10,2010,1000330,2370,8.17860778172811,"hit_max",FALSE,TRUE,FALSE,FALSE,FALSE,100,3.13118982980134e-14,TRUE,FALSE,"fitted",NA,"rep_0010_fit_rate_state.rds"
"mse","rate_state",11,2011,1000333,3018,10.6571708480517,"hit_max",FALSE,TRUE,FALSE,FALSE,FALSE,100,0.0115102622744954,FALSE,FALSE,"fitted",NA,"rep_0011_fit_rate_state.rds"
"mse","rate_state",12,2012,1000336,2058,7.28673656781514,"hit_max",FALSE,TRUE,FALSE,FALSE,FALSE,100,0.0078263709421651,FALSE,FALSE,"fitted",NA,"rep_0012_fit_rate_state.rds"
"mse","rate_state",13,2013,1000339,3357,13.4629215319951,"hit_max",FALSE,TRUE,FALSE,FALSE,FALSE,100,0.00777059707366885,FALSE,FALSE,"fitted",NA,"rep_0013_fit_rate_state.rds"
"mse","rate_state",14,2014,1000342,4783,23.5702926834424,"hit_max",FALSE,TRUE,FALSE,FALSE,FALSE,100,0.00794365782772907,FALSE,FALSE,"fitted",NA,"rep_0014_fit_rate_state.rds"
"mse","rate_state",15,2015,1000345,4697,22.4636198798815,"hit_max",FALSE,TRUE,FALSE,FALSE,FALSE,100,0.00731431468433204,FALSE,FALSE,"fitted",NA,"rep_0015_fit_rate_state.rds"
"mse","rate_state",16,2016,1000348,6400,4.59618901809057,"inla_failure",FALSE,FALSE,TRUE,FALSE,FALSE,15,2.67023840299156e-45,TRUE,FALSE,"fitted",NA,"rep_0016_fit_rate_state.rds"
"mse","rate_state",17,2017,1000351,3723,15.6463090141614,"hit_max",FALSE,TRUE,FALSE,FALSE,FALSE,100,0.0111418205917957,FALSE,FALSE,"fitted",NA,"rep_0017_fit_rate_state.rds"
"mse","rate_state",18,2018,1000354,3558,16.3518906990687,"hit_max",FALSE,TRUE,FALSE,FALSE,FALSE,100,0.0112199683573778,FALSE,FALSE,"fitted",NA,"rep_0018_fit_rate_state.rds"
"mse","rate_state",19,2019,1000357,2451,9.1187788327535,"hit_max",FALSE,TRUE,FALSE,FALSE,FALSE,100,1.36175152317609e-72,TRUE,FALSE,"fitted",NA,"rep_0019_fit_rate_state.rds"
"mse","rate_state",20,2020,1000360,2475,9.95479883352916,"hit_max",FALSE,TRUE,FALSE,FALSE,FALSE,100,0.007595214834791,FALSE,FALSE,"fitted",NA,"rep_0020_fit_rate_state.rds"
"mse","rate_state",21,2021,1000363,1965,8.38456820249558,"hit_max",FALSE,TRUE,FALSE,FALSE,FALSE,100,0.0089755352405334,FALSE,FALSE,"fitted",NA,"rep_0021_fit_rate_state.rds"
"mse","rate_state",22,2022,1000366,2014,8.13748760223389,"hit_max",FALSE,TRUE,FALSE,FALSE,FALSE,100,7.32330312863202e-73,TRUE,FALSE,"fitted",NA,"rep_0022_fit_rate_state.rds"
"mse","rate_state",23,2023,1000369,4581,21.3551413496335,"hit_max",FALSE,TRUE,FALSE,FALSE,FALSE,100,3.53626657587798e-08,TRUE,FALSE,"fitted",NA,"rep_0023_fit_rate_state.rds"
"mse","rate_state",24,2024,1000372,2254,8.59350023269653,"hit_max",FALSE,TRUE,FALSE,FALSE,FALSE,100,0.0112141411477927,FALSE,FALSE,"fitted",NA,"rep_0024_fit_rate_state.rds"
"mse","rate_state",25,2025,1000375,3648,13.8339196006457,"hit_max",FALSE,TRUE,FALSE,FALSE,FALSE,100,0.00855149140692912,FALSE,FALSE,"fitted",NA,"rep_0025_fit_rate_state.rds"
"mse","rate_state",26,2026,1000378,1941,6.33236281871796,"hit_max",FALSE,TRUE,FALSE,FALSE,FALSE,100,0.0119176484506634,FALSE,FALSE,"fitted",NA,"rep_0026_fit_rate_state.rds"
"mse","rate_state",27,2027,1000381,2924,10.4849285999934,"hit_max",FALSE,TRUE,FALSE,FALSE,FALSE,100,0.00927075673735383,FALSE,FALSE,"fitted",NA,"rep_0027_fit_rate_state.rds"
"mse","rate_state",28,2028,1000384,4966,21.4701885660489,"hit_max",FALSE,TRUE,FALSE,FALSE,FALSE,100,0.00702278458045188,FALSE,FALSE,"fitted",NA,"rep_0028_fit_rate_state.rds"
"mse","rate_state",29,2029,1000387,2170,7.49629716873169,"hit_max",FALSE,TRUE,FALSE,FALSE,FALSE,100,0.00868663580718076,FALSE,FALSE,"fitted",NA,"rep_0029_fit_rate_state.rds"
"mse","rate_state",30,2030,1000390,2244,8.46910605033239,"hit_max",FALSE,TRUE,FALSE,FALSE,FALSE,100,0.00822545984746385,FALSE,FALSE,"fitted",NA,"rep_0030_fit_rate_state.rds"
"mse","rate_state",31,2031,1000393,2138,7.05275954802831,"hit_max",FALSE,TRUE,FALSE,FALSE,FALSE,100,0.00882783542408264,FALSE,FALSE,"fitted",NA,"rep_0031_fit_rate_state.rds"
"mse","rate_state",32,2032,1000396,5416,24.2794169982274,"hit_max",FALSE,TRUE,FALSE,FALSE,FALSE,100,0.00591154264287428,FALSE,FALSE,"fitted",NA,"rep_0032_fit_rate_state.rds"
"mse","rate_state",33,2033,1000399,5324,25.4045933802923,"hit_max",FALSE,TRUE,FALSE,FALSE,FALSE,100,0.0088927850940459,FALSE,FALSE,"fitted",NA,"rep_0033_fit_rate_state.rds"
"mse","rate_state",34,2034,1000402,5001,21.3349142471949,"hit_max",FALSE,TRUE,FALSE,FALSE,FALSE,100,0.00590403501039268,FALSE,FALSE,"fitted",NA,"rep_0034_fit_rate_state.rds"
"mse","rate_state",35,2035,1000405,2426,8.53112608194351,"hit_max",FALSE,TRUE,FALSE,FALSE,FALSE,100,0.0116547866076576,FALSE,FALSE,"fitted",NA,"rep_0035_fit_rate_state.rds"
"mse","rate_state",36,2036,1000408,2306,7.7625413497289,"hit_max",FALSE,TRUE,FALSE,FALSE,FALSE,100,0.00781546658685106,FALSE,FALSE,"fitted",NA,"rep_0036_fit_rate_state.rds"
"mse","rate_state",37,2037,1000411,4221,17.0699907183647,"hit_max",FALSE,TRUE,FALSE,FALSE,FALSE,100,0.00758474467967949,FALSE,FALSE,"fitted",NA,"rep_0037_fit_rate_state.rds"
"mse","rate_state",38,2038,1000414,3508,12.884743698438,"hit_max",FALSE,TRUE,FALSE,FALSE,FALSE,100,3.02468916736675e-40,TRUE,FALSE,"fitted",NA,"rep_0038_fit_rate_state.rds"
"mse","rate_state",39,2039,1000417,3245,11.8818581342697,"hit_max",FALSE,TRUE,FALSE,FALSE,FALSE,100,0.0113369512381564,FALSE,FALSE,"fitted",NA,"rep_0039_fit_rate_state.rds"
"mse","rate_state",40,2040,1000420,6945,34.7805662671725,"hit_max",FALSE,TRUE,FALSE,FALSE,FALSE,100,6.93347216955895e-40,TRUE,FALSE,"fitted",NA,"rep_0040_fit_rate_state.rds"
"mse","rate_state",41,2041,1000423,5230,22.4348806977272,"hit_max",FALSE,TRUE,FALSE,FALSE,FALSE,100,0.00950037323541087,FALSE,FALSE,"fitted",NA,"rep_0041_fit_rate_state.rds"
"mse","rate_state",42,2042,1000426,6755,32.8705943981806,"hit_max",FALSE,TRUE,FALSE,FALSE,FALSE,100,0.00502054291010575,FALSE,FALSE,"fitted",NA,"rep_0042_fit_rate_state.rds"
"mse","rate_state",43,2043,1000429,2470,8.7760126153628,"hit_max",FALSE,TRUE,FALSE,FALSE,FALSE,100,0.00735183748784136,FALSE,FALSE,"fitted",NA,"rep_0043_fit_rate_state.rds"
"mse","rate_state",44,2044,1000432,2931,11.1348306337992,"hit_max",FALSE,TRUE,FALSE,FALSE,FALSE,100,0.00830886863861426,FALSE,FALSE,"fitted",NA,"rep_0044_fit_rate_state.rds"
"mse","rate_state",45,2045,1000435,4450,18.4520662506421,"hit_max",FALSE,TRUE,FALSE,FALSE,FALSE,100,0.00810619781131922,FALSE,FALSE,"fitted",NA,"rep_0045_fit_rate_state.rds"
"mse","rate_state",46,2046,1000438,2715,9.32670219739278,"hit_max",FALSE,TRUE,FALSE,FALSE,FALSE,100,0.00727557927846491,FALSE,FALSE,"fitted",NA,"rep_0046_fit_rate_state.rds"
"mse","rate_state",47,2047,1000441,3261,12.8833504835765,"hit_max",FALSE,TRUE,FALSE,FALSE,FALSE,100,0.00753729290788567,FALSE,FALSE,"fitted",NA,"rep_0047_fit_rate_state.rds"
"mse","rate_state",48,2048,1000444,1817,6.29928656816483,"hit_max",FALSE,TRUE,FALSE,FALSE,FALSE,100,0.014768136600923,FALSE,FALSE,"fitted",NA,"rep_0048_fit_rate_state.rds"
"mse","rate_state",49,2049,1000447,2120,7.2705309510231,"hit_max",FALSE,TRUE,FALSE,FALSE,FALSE,100,0.00837372280174494,FALSE,FALSE,"fitted",NA,"rep_0049_fit_rate_state.rds"
"mse","rate_state",50,2050,1000450,4719,19.524079533418,"hit_max",FALSE,TRUE,FALSE,FALSE,FALSE,100,0.00686371988985616,FALSE,FALSE,"fitted",NA,"rep_0050_fit_rate_state.rds"
"mse","rate_state",51,2051,1000453,3917,14.9857558012009,"hit_max",FALSE,TRUE,FALSE,FALSE,FALSE,100,0.0111740417130314,FALSE,FALSE,"fitted",NA,"rep_0051_fit_rate_state.rds"
"mse","rate_state",52,2052,1000456,4463,17.0569304982821,"hit_max",FALSE,TRUE,FALSE,FALSE,FALSE,100,0.00686826108414769,FALSE,FALSE,"fitted",NA,"rep_0052_fit_rate_state.rds"
"mse","rate_state",53,2053,1000459,2018,7.75877793629964,"hit_max",FALSE,TRUE,FALSE,FALSE,FALSE,100,0.000119484388155712,FALSE,FALSE,"fitted",NA,"rep_0053_fit_rate_state.rds"
"mse","rate_state",54,2054,1000462,3341,14.238089732329,"hit_max",FALSE,TRUE,FALSE,FALSE,FALSE,100,3.9657321097817e-56,TRUE,FALSE,"fitted",NA,"rep_0054_fit_rate_state.rds"
"mse","rate_state",55,2055,1000465,2417,9.15624065001806,"hit_max",FALSE,TRUE,FALSE,FALSE,FALSE,100,0.0114715810593523,FALSE,FALSE,"fitted",NA,"rep_0055_fit_rate_state.rds"
"mse","rate_state",56,2056,1000468,4005,17.3384080648422,"hit_max",FALSE,TRUE,FALSE,FALSE,FALSE,100,0.00566327642925565,FALSE,FALSE,"fitted",NA,"rep_0056_fit_rate_state.rds"
"mse","rate_state",57,2057,1000471,3374,13.2512511491776,"hit_max",FALSE,TRUE,FALSE,FALSE,FALSE,100,0.00747972579216621,FALSE,FALSE,"fitted",NA,"rep_0057_fit_rate_state.rds"
"mse","rate_state",58,2058,1000474,3844,16.2793129642804,"hit_max",FALSE,TRUE,FALSE,FALSE,FALSE,100,0.0112012726859388,FALSE,FALSE,"fitted",NA,"rep_0058_fit_rate_state.rds"
"mse","rate_state",59,2059,1000477,5450,25.2132901310921,"hit_max",FALSE,TRUE,FALSE,FALSE,FALSE,100,0.0093770293299201,FALSE,FALSE,"fitted",NA,"rep_0059_fit_rate_state.rds"
"mse","rate_state",60,2060,1000480,2590,8.83083763122559,"hit_max",FALSE,TRUE,FALSE,FALSE,FALSE,100,8.84229921992405e-58,TRUE,FALSE,"fitted",NA,"rep_0060_fit_rate_state.rds"
"mse","rate_state",61,2061,1000483,4478,19.6292858521144,"hit_max",FALSE,TRUE,FALSE,FALSE,FALSE,100,0.0058543992997231,FALSE,FALSE,"fitted",NA,"rep_0061_fit_rate_state.rds"
"mse","rate_state",62,2062,1000486,5537,26.5592827002207,"hit_max",FALSE,TRUE,FALSE,FALSE,FALSE,100,0.0079586054134499,FALSE,FALSE,"fitted",NA,"rep_0062_fit_rate_state.rds"
"mse","rate_state",63,2063,1000489,3419,13.6699557979902,"hit_max",FALSE,TRUE,FALSE,FALSE,FALSE,100,0.0116745279947333,FALSE,FALSE,"fitted",NA,"rep_0063_fit_rate_state.rds"
"mse","rate_state",64,2064,1000492,6763,39.8338231523832,"hit_max",FALSE,TRUE,FALSE,FALSE,FALSE,100,0.00961539052530855,FALSE,FALSE,"fitted",NA,"rep_0064_fit_rate_state.rds"
"mse","rate_state",65,2065,1000495,3114,11.5129342516263,"hit_max",FALSE,TRUE,FALSE,FALSE,FALSE,100,5.40357642492592e-66,TRUE,FALSE,"fitted",NA,"rep_0065_fit_rate_state.rds"
"mse","rate_state",66,2066,1000498,3036,10.8381134668986,"hit_max",FALSE,TRUE,FALSE,FALSE,FALSE,100,0.00866185041588115,FALSE,FALSE,"fitted",NA,"rep_0066_fit_rate_state.rds"
"mse","rate_state",67,2067,1000501,2401,8.1605596502622,"hit_max",FALSE,TRUE,FALSE,FALSE,FALSE,100,0.00741372578345206,FALSE,FALSE,"fitted",NA,"rep_0067_fit_rate_state.rds"
"mse","rate_state",68,2068,1000504,2593,9.30079941352208,"hit_max",FALSE,TRUE,FALSE,FALSE,FALSE,100,1.18983457360741e-05,FALSE,FALSE,"fitted",NA,"rep_0068_fit_rate_state.rds"
"mse","rate_state",69,2069,1000507,3231,3.75619303385417,"inla_failure",FALSE,FALSE,TRUE,FALSE,FALSE,29,0.0110442453939012,FALSE,FALSE,"fitted",NA,"rep_0069_fit_rate_state.rds"
"mse","rate_state",70,2070,1000510,10156,72.3166006843249,"hit_max",FALSE,TRUE,FALSE,FALSE,FALSE,100,0.00632388684160619,FALSE,FALSE,"fitted",NA,"rep_0070_fit_rate_state.rds"
"mse","rate_state",71,2071,1000513,3471,13.6287633339564,"hit_max",FALSE,TRUE,FALSE,FALSE,FALSE,100,0.0112791372037526,FALSE,FALSE,"fitted",NA,"rep_0071_fit_rate_state.rds"
"mse","rate_state",72,2072,1000516,3260,12.196440800031,"hit_max",FALSE,TRUE,FALSE,FALSE,FALSE,100,5.96431726050237e-05,FALSE,FALSE,"fitted",NA,"rep_0072_fit_rate_state.rds"
"mse","rate_state",73,2073,1000519,4942,23.8594611326853,"hit_max",FALSE,TRUE,FALSE,FALSE,FALSE,100,0.00807653697739939,FALSE,FALSE,"fitted",NA,"rep_0073_fit_rate_state.rds"
"mse","rate_state",74,2074,1000522,2483,9.20072588523229,"hit_max",FALSE,TRUE,FALSE,FALSE,FALSE,100,9.26870049921697e-84,TRUE,FALSE,"fitted",NA,"rep_0074_fit_rate_state.rds"
"mse","rate_state",75,2075,1000525,2675,10.1808306852976,"hit_max",FALSE,TRUE,FALSE,FALSE,FALSE,100,0.0120824118924107,FALSE,FALSE,"fitted",NA,"rep_0075_fit_rate_state.rds"
"mse","rate_state",76,2076,1000528,3191,12.6403141140938,"hit_max",FALSE,TRUE,FALSE,FALSE,FALSE,100,0.0109689608541222,FALSE,FALSE,"fitted",NA,"rep_0076_fit_rate_state.rds"
"mse","rate_state",77,2077,1000531,2829,10.5610712011655,"hit_max",FALSE,TRUE,FALSE,FALSE,FALSE,100,0.00749857078529911,FALSE,FALSE,"fitted",NA,"rep_0077_fit_rate_state.rds"
"mse","rate_state",78,2078,1000534,4138,19.8378985524178,"hit_max",FALSE,TRUE,FALSE,FALSE,FALSE,100,2.2468496713659e-49,TRUE,FALSE,"fitted",NA,"rep_0078_fit_rate_state.rds"
"mse","rate_state",79,2079,1000537,3945,17.5073251167933,"hit_max",FALSE,TRUE,FALSE,FALSE,FALSE,100,0.011472723840318,FALSE,FALSE,"fitted",NA,"rep_0079_fit_rate_state.rds"
"mse","rate_state",80,2080,1000540,3392,13.8444771528244,"hit_max",FALSE,TRUE,FALSE,FALSE,FALSE,100,0.0102908203374162,FALSE,FALSE,"fitted",NA,"rep_0080_fit_rate_state.rds"
"mse","rate_state",81,2081,1000543,4047,15.6308820168177,"hit_max",FALSE,TRUE,FALSE,FALSE,FALSE,100,1.46337445706509e-81,TRUE,FALSE,"fitted",NA,"rep_0081_fit_rate_state.rds"
"mse","rate_state",82,2082,1000546,6724,35.0797937830289,"hit_max",FALSE,TRUE,FALSE,FALSE,FALSE,100,2.65248408729387e-21,TRUE,FALSE,"fitted",NA,"rep_0082_fit_rate_state.rds"
"mse","rate_state",83,2083,1000549,7421,44.6122375488281,"hit_max",FALSE,TRUE,FALSE,FALSE,FALSE,100,0.00469449557524559,FALSE,FALSE,"fitted",NA,"rep_0083_fit_rate_state.rds"
"mse","rate_state",84,2084,1000552,2590,4.49846959908803,"inla_failure",FALSE,FALSE,TRUE,FALSE,FALSE,49,0.00902143029393547,FALSE,FALSE,"fitted",NA,"rep_0084_fit_rate_state.rds"
"mse","rate_state",85,2085,1000555,6850,38.3431514700254,"hit_max",FALSE,TRUE,FALSE,FALSE,FALSE,100,1.01232607386746e-13,TRUE,FALSE,"fitted",NA,"rep_0085_fit_rate_state.rds"
"mse","rate_state",86,2086,1000558,1847,6.36779719988505,"hit_max",FALSE,TRUE,FALSE,FALSE,FALSE,100,0.00859968013601184,FALSE,FALSE,"fitted",NA,"rep_0086_fit_rate_state.rds"
"mse","rate_state",87,2087,1000561,4018,17.8314601182938,"hit_max",FALSE,TRUE,FALSE,FALSE,FALSE,100,0.00707054317738845,FALSE,FALSE,"fitted",NA,"rep_0087_fit_rate_state.rds"
"mse","rate_state",88,2088,1000564,1994,7.71201858520508,"hit_max",FALSE,TRUE,FALSE,FALSE,FALSE,100,2.0194042292185e-94,TRUE,FALSE,"fitted",NA,"rep_0088_fit_rate_state.rds"
"mse","rate_state",89,2089,1000567,6886,34.5673550327619,"hit_max",FALSE,TRUE,FALSE,FALSE,FALSE,100,6.0671795319892e-28,TRUE,FALSE,"fitted",NA,"rep_0089_fit_rate_state.rds"
"mse","rate_state",90,2090,1000570,3216,13.1029198169708,"hit_max",FALSE,TRUE,FALSE,FALSE,FALSE,100,2.87264004781546e-109,TRUE,FALSE,"fitted",NA,"rep_0090_fit_rate_state.rds"
"mse","rate_state",91,2091,1000573,3816,15.0258626977603,"hit_max",FALSE,TRUE,FALSE,FALSE,FALSE,100,0.00645469461191221,FALSE,FALSE,"fitted",NA,"rep_0091_fit_rate_state.rds"
"mse","rate_state",92,2092,1000576,9058,64.3622735142708,"hit_max",FALSE,TRUE,FALSE,FALSE,FALSE,100,0.00845960035191259,FALSE,FALSE,"fitted",NA,"rep_0092_fit_rate_state.rds"
"mse","rate_state",93,2093,1000579,6264,31.4408315857251,"hit_max",FALSE,TRUE,FALSE,FALSE,FALSE,100,8.33003332414063e-30,TRUE,FALSE,"fitted",NA,"rep_0093_fit_rate_state.rds"
"mse","rate_state",94,2094,1000582,4680,23.4048476815224,"hit_max",FALSE,TRUE,FALSE,FALSE,FALSE,100,0.00994527282565683,FALSE,FALSE,"fitted",NA,"rep_0094_fit_rate_state.rds"
"mse","rate_state",95,2095,1000585,2109,7.8212119658788,"hit_max",FALSE,TRUE,FALSE,FALSE,FALSE,100,0.00887147401327204,FALSE,FALSE,"fitted",NA,"rep_0095_fit_rate_state.rds"
"mse","rate_state",96,2096,1000588,9984,76.4720127662023,"hit_max",FALSE,TRUE,FALSE,FALSE,FALSE,100,0.00921743902364494,FALSE,FALSE,"fitted",NA,"rep_0096_fit_rate_state.rds"
"mse","rate_state",97,2097,1000591,2192,7.89149921735128,"hit_max",FALSE,TRUE,FALSE,FALSE,FALSE,100,0.0125210245953162,FALSE,FALSE,"fitted",NA,"rep_0097_fit_rate_state.rds"
"mse","rate_state",98,2098,1000594,3661,17.3622850179672,"hit_max",FALSE,TRUE,FALSE,FALSE,FALSE,100,3.94511682702301e-61,TRUE,FALSE,"fitted",NA,"rep_0098_fit_rate_state.rds"
"mse","rate_state",99,2099,1000597,6664,42.3965390841166,"hit_max",FALSE,TRUE,FALSE,FALSE,FALSE,100,0.00944629309230585,FALSE,FALSE,"fitted",NA,"rep_0099_fit_rate_state.rds"
"mse","rate_state",100,2100,1000600,3200,12.9745545307795,"hit_max",FALSE,TRUE,FALSE,FALSE,FALSE,100,1.87685068252398e-97,TRUE,FALSE,"fitted",NA,"rep_0100_fit_rate_state.rds"
"rate_state","mse",4,3004,1000611,2299,9.76438143253326,"hit_max",FALSE,TRUE,FALSE,FALSE,FALSE,100,0.0067440538683725,FALSE,FALSE,"fitted",NA,"rep_0004_fit_mse.rds"
"rate_state","mse",5,3005,1000614,2061,8.16669960021973,"hit_max",FALSE,TRUE,FALSE,FALSE,FALSE,100,0.00727700106841615,FALSE,FALSE,"fitted",NA,"rep_0005_fit_mse.rds"
"rate_state","mse",9,3009,1000626,2869,12.307336084048,"hit_max",FALSE,TRUE,FALSE,FALSE,FALSE,100,0.00623140379801064,FALSE,FALSE,"fitted",NA,"rep_0009_fit_mse.rds"
"rate_state","mse",15,3015,1000644,3583,16.213092982769,"hit_max",FALSE,TRUE,FALSE,FALSE,FALSE,100,0.0059961340893169,FALSE,FALSE,"fitted",NA,"rep_0015_fit_mse.rds"
"rate_state","mse",20,3020,1000659,3730,16.0889272332191,"hit_max",FALSE,TRUE,FALSE,FALSE,FALSE,100,0.00568299821539187,FALSE,FALSE,"fitted",NA,"rep_0020_fit_mse.rds"
"rate_state","mse",21,3021,1000662,2408,9.06750423113505,"hit_max",FALSE,TRUE,FALSE,FALSE,FALSE,100,0.0067112739410398,FALSE,FALSE,"fitted",NA,"rep_0021_fit_mse.rds"
"rate_state","mse",24,3024,1000671,5137,25.8473217487335,"hit_max",FALSE,TRUE,FALSE,FALSE,FALSE,100,0.00488964415537983,FALSE,FALSE,"fitted",NA,"rep_0024_fit_mse.rds"
"rate_state","mse",28,3028,1000683,2005,7.93323116699854,"hit_max",FALSE,TRUE,FALSE,FALSE,FALSE,100,0.0070866966927867,FALSE,FALSE,"fitted",NA,"rep_0028_fit_mse.rds"
"rate_state","mse",31,3031,1000692,4263,20.8854196826617,"hit_max",FALSE,TRUE,FALSE,FALSE,FALSE,100,0.0050814658053873,FALSE,FALSE,"fitted",NA,"rep_0031_fit_mse.rds"
"rate_state","mse",53,3053,1000758,4661,22.4971693674723,"hit_max",FALSE,TRUE,FALSE,FALSE,FALSE,100,0.00502370984918092,FALSE,FALSE,"fitted",NA,"rep_0053_fit_mse.rds"
"rate_state","mse",77,3077,1000830,3503,16.8067559480667,"hit_max",FALSE,TRUE,FALSE,FALSE,FALSE,100,0.0059333560014532,FALSE,FALSE,"fitted",NA,"rep_0077_fit_mse.rds"
"rate_state","mse",83,3083,1000848,4349,25.7232279817263,"hit_max",FALSE,TRUE,FALSE,FALSE,FALSE,100,0.00520331046205868,FALSE,FALSE,"fitted",NA,"rep_0083_fit_mse.rds"
"rate_state","mse",88,3088,1000863,2385,11.6560325662295,"hit_max",FALSE,TRUE,FALSE,FALSE,FALSE,100,0.00686537565619488,FALSE,FALSE,"fitted",NA,"rep_0088_fit_mse.rds"
"rate_state","mse",89,3089,1000866,2082,9.66699016888936,"hit_max",FALSE,TRUE,FALSE,FALSE,FALSE,100,0.00708586261003617,FALSE,FALSE,"fitted",NA,"rep_0089_fit_mse.rds"
"rate_state","mse",91,3091,1000872,2287,10.3968449314435,"hit_max",FALSE,TRUE,FALSE,FALSE,FALSE,100,0.00700913542682979,FALSE,FALSE,"fitted",NA,"rep_0091_fit_mse.rds"
"rate_state","mse",100,3100,1000899,3470,17.274599814415,"hit_max",FALSE,TRUE,FALSE,FALSE,FALSE,100,0.00589444493337759,FALSE,FALSE,"fitted",NA,"rep_0100_fit_mse.rds"
