"truth_kernel","rep","parameter_1","parameter_2","correlation"
"ou",1,"c","p",0.746918282918283
"ou",2,"c","p",0.730461034461034
"ou",3,"c","p",0.708320472320472
"ou",4,"c","p",0.746809622809623
"ou",5,"c","p",0.731959043959044
"ou",6,"c","p",0.727754767754768
"ou",7,"c","p",0.74139756939757
"ou",8,"c","p",0.751408567408568
"ou",9,"c","p",0.738759930759931
"ou",10,"c","p",0.753972801972802
"ou",11,"c","p",0.752635892635893
"ou",12,"c","p",0.74197962997963
"ou",13,"c","p",0.753377001377001
"ou",14,"c","p",0.737319725319725
"ou",15,"c","p",0.757317385317385
"ou",16,"c","p",0.718080754080754
"ou",17,"c","p",0.731699027699028
"ou",18,"c","p",0.748170628170628
"ou",19,"c","p",0.768951456951457
"ou",20,"c","p",0.734924498924499
"ou",21,"c","p",0.726145182145182
"ou",22,"c","p",0.732798576798577
"ou",23,"c","p",0.705656097656098
"ou",24,"c","p",0.753241113241113
"ou",25,"c","p",0.695313791313791
"ou",26,"c","p",0.744970956970957
"ou",27,"c","p",0.746890274890275
"ou",28,"c","p",0.716186564186564
"ou",29,"c","p",0.744499728499729
"ou",30,"c","p",0.755372147372147
"ou",31,"c","p",0.742572286572287
"ou",32,"c","p",0.721740433740434
"ou",33,"c","p",0.773587661587662
"ou",34,"c","p",0.731757647757648
"ou",35,"c","p",0.731571551571552
"ou",36,"c","p",0.717924333924334
"ou",37,"c","p",0.728691692691693
"ou",38,"c","p",0.760118884118884
"ou",39,"c","p",0.726340566340566
"ou",40,"c","p",0.729738321738322
"ou",41,"c","p",0.722139746139746
"ou",42,"c","p",0.743744651744652
"ou",43,"c","p",0.739629343629344
"ou",44,"c","p",0.735988131988132
"ou",45,"c","p",0.747243399243399
"ou",46,"c","p",0.75411205011205
"ou",47,"c","p",0.719586731586732
"ou",48,"c","p",0.766969810969811
"ou",49,"c","p",0.748083724083724
"ou",50,"c","p",0.73816767016767
"ou",51,"c","p",0.734855174855175
"ou",52,"c","p",0.752201528201528
"ou",53,"c","p",0.728942252942253
"ou",54,"c","p",0.765171441171441
"ou",55,"c","p",0.722856362856363
"ou",56,"c","p",0.711179727179727
"ou",57,"c","p",0.716102936102936
"ou",58,"c","p",0.721253725253725
"ou",59,"c","p",0.71397572997573
"ou",60,"c","p",0.742514590514591
"ou",61,"c","p",0.724813036813037
"ou",62,"c","p",0.711758511758512
"ou",63,"c","p",0.750347442347442
"ou",64,"c","p",0.742993414993415
"ou",65,"c","p",0.734855102855103
"ou",66,"c","p",0.759738255738256
"ou",67,"c","p",0.735563607563608
"ou",68,"c","p",0.74992994992995
"ou",69,"c","p",0.784458748458749
"ou",70,"c","p",0.733213117213117
"ou",71,"c","p",0.720779952779953
"ou",72,"c","p",0.731303087303087
"ou",73,"c","p",0.745290781290781
"ou",74,"c","p",0.726339102339102
"ou",75,"c","p",0.756589416589417
"ou",76,"c","p",0.738505626505627
"ou",77,"c","p",0.741428061428062
"ou",78,"c","p",0.76358821958822
"ou",79,"c","p",0.723620343620344
"ou",80,"c","p",0.743175251175251
"ou",81,"c","p",0.72416356016356
"ou",82,"c","p",0.740422064422064
"ou",83,"c","p",0.757168909168909
"ou",84,"c","p",0.732727092727093
"ou",85,"c","p",0.750112038112038
"ou",86,"c","p",0.727079863079863
"ou",87,"c","p",0.745775485775486
"ou",88,"c","p",0.758644730644731
"ou",89,"c","p",0.742726726726727
"ou",90,"c","p",0.745139617139617
"ou",91,"c","p",0.717943965943966
"ou",92,"c","p",0.74752695952696
"ou",93,"c","p",0.757090873090873
"ou",94,"c","p",0.728182796182796
"ou",95,"c","p",0.726913662913663
"ou",96,"c","p",0.733217713217713
"ou",97,"c","p",0.747739503739504
"ou",98,"c","p",0.737442437442438
"ou",99,"c","p",0.729283005283005
"ou",100,"c","p",0.73341178941179
"mse",1,"d","rho",0.890175914175914
"mse",1,"gamma","rho",-0.964597948597949
"mse",1,"d","gamma",-0.808283692283692
"mse",2,"d","rho",0.890537234537235
"mse",2,"gamma","rho",-0.9476621996622
"mse",2,"d","gamma",-0.812876756876757
"mse",3,"d","rho",0.8678316998317
"mse",3,"gamma","rho",-0.955807231807232
"mse",3,"d","gamma",-0.79015981015981
"mse",4,"d","rho",0.87364920964921
"mse",4,"gamma","rho",-0.959386607386608
"mse",4,"d","gamma",-0.787303987303987
"mse",5,"d","rho",0.888508896508897
"mse",5,"gamma","rho",-0.955063363063363
"mse",5,"d","gamma",-0.808965028965029
"mse",6,"d","rho",0.867164967164967
"mse",6,"gamma","rho",-0.956592980592981
"mse",6,"d","gamma",-0.788116868116868
"mse",7,"d","rho",0.874968094968095
"mse",7,"gamma","rho",-0.962652422652423
"mse",7,"d","gamma",-0.798962946962947
"mse",8,"d","rho",0.886990366990367
"mse",8,"gamma","rho",-0.952184644184644
"mse",8,"d","gamma",-0.802229998229998
"mse",9,"d","rho",0.865448221448222
"mse",9,"gamma","rho",-0.972309372309372
"mse",9,"d","gamma",-0.795715083715084
"mse",10,"d","rho",0.876750036750037
"mse",10,"gamma","rho",-0.950921234921235
"mse",10,"d","gamma",-0.793182745182745
"mse",11,"d","rho",0.872410124410125
"mse",11,"gamma","rho",-0.96947514947515
"mse",11,"d","gamma",-0.796382932382933
"mse",12,"d","rho",0.88943884943885
"mse",12,"gamma","rho",-0.951374619374619
"mse",12,"d","gamma",-0.81341724941725
"mse",13,"d","rho",0.884836388836389
"mse",13,"gamma","rho",-0.958810558810559
"mse",13,"d","gamma",-0.801223749223749
"mse",14,"d","rho",0.89042591042591
"mse",14,"gamma","rho",-0.939770691770692
"mse",14,"d","gamma",-0.803768915768916
"mse",15,"d","rho",0.870274698274698
"mse",15,"gamma","rho",-0.956987984987985
"mse",15,"d","gamma",-0.781916701916702
"mse",16,"d","rho",0.873058305058305
"mse",16,"gamma","rho",-0.960967464967465
"mse",16,"d","gamma",-0.796159408159408
"mse",17,"d","rho",0.871873807873808
"mse",17,"gamma","rho",-0.969325089325089
"mse",17,"d","gamma",-0.806261102261102
"mse",18,"d","rho",0.894641826641827
"mse",18,"gamma","rho",-0.959843771843772
"mse",18,"d","gamma",-0.823385227385227
"mse",19,"d","rho",0.877260601260601
"mse",19,"gamma","rho",-0.963283731283731
"mse",19,"d","gamma",-0.797596385596386
"mse",20,"d","rho",0.882161274161274
"mse",20,"gamma","rho",-0.957067977067977
"mse",20,"d","gamma",-0.80178756978757
"mse",21,"d","rho",0.878601170601171
"mse",21,"gamma","rho",-0.962192222192222
"mse",21,"d","gamma",-0.808022224022224
"mse",22,"d","rho",0.880250848250848
"mse",22,"gamma","rho",-0.959807855807856
"mse",22,"d","gamma",-0.796428904428904
"mse",23,"d","rho",0.882340494340494
"mse",23,"gamma","rho",-0.955150987150987
"mse",23,"d","gamma",-0.814327498327498
"mse",24,"d","rho",0.883448071448071
"mse",24,"gamma","rho",-0.967488355488356
"mse",24,"d","gamma",-0.804474144474145
"mse",25,"d","rho",0.880351996351996
"mse",25,"gamma","rho",-0.959355143355143
"mse",25,"d","gamma",-0.799157371157371
"mse",26,"d","rho",0.863647031647032
"mse",26,"gamma","rho",-0.969187377187377
"mse",26,"d","gamma",-0.789930885930886
"mse",27,"d","rho",0.88401986001986
"mse",27,"gamma","rho",-0.950873750873751
"mse",27,"d","gamma",-0.806119586119586
"mse",28,"d","rho",0.860557220557221
"mse",28,"gamma","rho",-0.963099591099591
"mse",28,"d","gamma",-0.77447427047427
"mse",29,"d","rho",0.877401397401398
"mse",29,"gamma","rho",-0.95596261996262
"mse",29,"d","gamma",-0.800257184257184
"mse",30,"d","rho",0.873649485649486
"mse",30,"gamma","rho",-0.962130674130674
"mse",30,"d","gamma",-0.784991200991201
"mse",31,"d","rho",0.88248513048513
"mse",31,"gamma","rho",-0.958252726252726
"mse",31,"d","gamma",-0.813089865089865
"mse",32,"d","rho",0.893557361557362
"mse",32,"gamma","rho",-0.968188604188604
"mse",32,"d","gamma",-0.824373248373248
"mse",33,"d","rho",0.889326313326314
"mse",33,"gamma","rho",-0.93737578937579
"mse",33,"d","gamma",-0.805435357435358
"mse",34,"d","rho",0.870658182658183
"mse",34,"gamma","rho",-0.938592962592963
"mse",34,"d","gamma",-0.785429621429622
"mse",35,"d","rho",0.888543180543181
"mse",35,"gamma","rho",-0.96406552006552
"mse",35,"d","gamma",-0.811342207342207
"mse",36,"d","rho",0.883986307986308
"mse",36,"gamma","rho",-0.963630615630616
"mse",36,"d","gamma",-0.804516588516589
"mse",37,"d","rho",0.872211428211428
"mse",37,"gamma","rho",-0.9634068994069
"mse",37,"d","gamma",-0.797122361122361
"mse",38,"d","rho",0.89038079038079
"mse",38,"gamma","rho",-0.942210054210054
"mse",38,"d","gamma",-0.809881313881314
"mse",39,"d","rho",0.898777282777283
"mse",39,"gamma","rho",-0.96625761025761
"mse",39,"d","gamma",-0.828368352368352
"mse",40,"d","rho",0.892873156873157
"mse",40,"gamma","rho",-0.96388035988036
"mse",40,"d","gamma",-0.81764728964729
"mse",41,"d","rho",0.874064134064134
"mse",41,"gamma","rho",-0.977053457053457
"mse",41,"d","gamma",-0.813538953538954
"mse",42,"d","rho",0.882774006774007
"mse",42,"gamma","rho",-0.956227628227628
"mse",42,"d","gamma",-0.797049473049473
"mse",43,"d","rho",0.875105663105663
"mse",43,"gamma","rho",-0.96775513975514
"mse",43,"d","gamma",-0.805900525900526
"mse",44,"d","rho",0.897020337020337
"mse",44,"gamma","rho",-0.956279864279864
"mse",44,"d","gamma",-0.82157906957907
"mse",45,"d","rho",0.880567264567265
"mse",45,"gamma","rho",-0.948765504765505
"mse",45,"d","gamma",-0.801892617892618
"mse",46,"d","rho",0.889481821481822
"mse",46,"gamma","rho",-0.949359421359421
"mse",46,"d","gamma",-0.800257172257172
"mse",47,"d","rho",0.893445221445222
"mse",47,"gamma","rho",-0.960565224565225
"mse",47,"d","gamma",-0.825470493470494
"mse",48,"d","rho",0.876083136083136
"mse",48,"gamma","rho",-0.966751662751663
"mse",48,"d","gamma",-0.799316323316323
"mse",49,"d","rho",0.885096297096297
"mse",49,"gamma","rho",-0.949577833577834
"mse",49,"d","gamma",-0.800239652239652
"mse",50,"d","rho",0.881902853902854
"mse",50,"gamma","rho",-0.959851211851212
"mse",50,"d","gamma",-0.80364743964744
"mse",51,"d","rho",0.89414823014823
"mse",51,"gamma","rho",-0.966016254016254
"mse",51,"d","gamma",-0.829391101391102
"mse",52,"d","rho",0.886050586050586
"mse",52,"gamma","rho",-0.943532467532468
"mse",52,"d","gamma",-0.796700200700201
"mse",53,"d","rho",0.884618744618745
"mse",53,"gamma","rho",-0.971237651237651
"mse",53,"d","gamma",-0.81230612030612
"mse",54,"d","rho",0.880498648498649
"mse",54,"gamma","rho",-0.955118839118839
"mse",54,"d","gamma",-0.801988941988942
"mse",55,"d","rho",0.883770583770584
"mse",55,"gamma","rho",-0.955941427941428
"mse",55,"d","gamma",-0.805970833970834
"mse",56,"d","rho",0.864498720498721
"mse",56,"gamma","rho",-0.963489663489664
"mse",56,"d","gamma",-0.782724542724543
"mse",57,"d","rho",0.865455373455373
"mse",57,"gamma","rho",-0.950802482802483
"mse",57,"d","gamma",-0.778874194874195
"mse",58,"d","rho",0.890818586818587
"mse",58,"gamma","rho",-0.967261903261903
"mse",58,"d","gamma",-0.819470055470055
"mse",59,"d","rho",0.860892776892777
"mse",59,"gamma","rho",-0.955020367020367
"mse",59,"d","gamma",-0.782551094551095
"mse",60,"d","rho",0.876317472317472
"mse",60,"gamma","rho",-0.944965724965725
"mse",60,"d","gamma",-0.793206661206661
"mse",61,"d","rho",0.872191088191088
"mse",61,"gamma","rho",-0.978875598875599
"mse",61,"d","gamma",-0.813026745026745
"mse",62,"d","rho",0.874760182760183
"mse",62,"gamma","rho",-0.952577152577153
"mse",62,"d","gamma",-0.787690543690544
"mse",63,"d","rho",0.86358641958642
"mse",63,"gamma","rho",-0.962385794385795
"mse",63,"d","gamma",-0.783242355242355
"mse",64,"d","rho",0.885439977439977
"mse",64,"gamma","rho",-0.965489705489706
"mse",64,"d","gamma",-0.813258081258081
"mse",65,"d","rho",0.873215361215361
"mse",65,"gamma","rho",-0.967540927540928
"mse",65,"d","gamma",-0.801134073134073
"mse",66,"d","rho",0.875774735774736
"mse",66,"gamma","rho",-0.94598010998011
"mse",66,"d","gamma",-0.783171099171099
"mse",67,"d","rho",0.8964065004065
"mse",67,"gamma","rho",-0.976371592371593
"mse",67,"d","gamma",-0.833233277233277
"mse",68,"d","rho",0.874699030699031
"mse",68,"gamma","rho",-0.97350514950515
"mse",68,"d","gamma",-0.803525783525784
"mse",69,"d","rho",0.871982215982216
"mse",69,"gamma","rho",-0.954265878265878
"mse",69,"d","gamma",-0.785800793800794
"mse",70,"d","rho",0.877902265902266
"mse",70,"gamma","rho",-0.966831882831883
"mse",70,"d","gamma",-0.799335775335775
"mse",71,"d","rho",0.881217593217593
"mse",71,"gamma","rho",-0.975496731496732
"mse",71,"d","gamma",-0.809736857736858
"mse",72,"d","rho",0.860482064482065
"mse",72,"gamma","rho",-0.944630096630097
"mse",72,"d","gamma",-0.776613872613873
"mse",73,"d","rho",0.88176410976411
"mse",73,"gamma","rho",-0.955821907821908
"mse",73,"d","gamma",-0.80376887976888
"mse",74,"d","rho",0.879987063987064
"mse",74,"gamma","rho",-0.962513486513487
"mse",74,"d","gamma",-0.806076854076854
"mse",75,"d","rho",0.88559052959053
"mse",75,"gamma","rho",-0.956708624708625
"mse",75,"d","gamma",-0.810021858021858
"mse",76,"d","rho",0.8796198996199
"mse",76,"gamma","rho",-0.958681378681379
"mse",76,"d","gamma",-0.807007179007179
"mse",77,"d","rho",0.876897864897865
"mse",77,"gamma","rho",-0.943514095514096
"mse",77,"d","gamma",-0.793884937884938
"mse",78,"d","rho",0.887854523854524
"mse",78,"gamma","rho",-0.955080391080391
"mse",78,"d","gamma",-0.806845946845947
"mse",79,"d","rho",0.88354867954868
"mse",79,"gamma","rho",-0.955797583797584
"mse",79,"d","gamma",-0.810900474900475
"mse",80,"d","rho",0.899763551763552
"mse",80,"gamma","rho",-0.943601695601696
"mse",80,"d","gamma",-0.814752622752623
"mse",81,"d","rho",0.852130548130548
"mse",81,"gamma","rho",-0.951841455841456
"mse",81,"d","gamma",-0.771449415449415
"mse",82,"d","rho",0.877123033123033
"mse",82,"gamma","rho",-0.962420546420547
"mse",82,"d","gamma",-0.79629538029538
"mse",83,"d","rho",0.893189225189225
"mse",83,"gamma","rho",-0.961631497631498
"mse",83,"d","gamma",-0.821218205218205
"mse",84,"d","rho",0.892763656763657
"mse",84,"gamma","rho",-0.947815355815356
"mse",84,"d","gamma",-0.81322530922531
"mse",85,"d","rho",0.877759261759262
"mse",85,"gamma","rho",-0.975756783756784
"mse",85,"d","gamma",-0.811012483012483
"mse",86,"d","rho",0.887824223824224
"mse",86,"gamma","rho",-0.95635016035016
"mse",86,"d","gamma",-0.824373764373765
"mse",87,"d","rho",0.884491052491053
"mse",87,"gamma","rho",-0.953841233841234
"mse",87,"d","gamma",-0.811151263151263
"mse",88,"d","rho",0.892250512250512
"mse",88,"gamma","rho",-0.944018504018504
"mse",88,"d","gamma",-0.806948114948115
"mse",89,"d","rho",0.874175818175818
"mse",89,"gamma","rho",-0.977513165513166
"mse",89,"d","gamma",-0.80939660939661
"mse",90,"d","rho",0.880400704400705
"mse",90,"gamma","rho",-0.967513951513952
"mse",90,"d","gamma",-0.810033966033966
"mse",91,"d","rho",0.871206415206415
"mse",91,"gamma","rho",-0.95805397005397
"mse",91,"d","gamma",-0.792374556374556
"mse",92,"d","rho",0.85771184971185
"mse",92,"gamma","rho",-0.948478212478213
"mse",92,"d","gamma",-0.778347478347478
"mse",93,"d","rho",0.882568374568375
"mse",93,"gamma","rho",-0.961640197640198
"mse",93,"d","gamma",-0.803456843456844
"mse",94,"d","rho",0.886294042294042
"mse",94,"gamma","rho",-0.958955386955387
"mse",94,"d","gamma",-0.818028062028062
"mse",95,"d","rho",0.85815699015699
"mse",95,"gamma","rho",-0.959119943119943
"mse",95,"d","gamma",-0.77770734970735
"mse",96,"d","rho",0.880428232428232
"mse",96,"gamma","rho",-0.939097671097671
"mse",96,"d","gamma",-0.798309234309234
"mse",97,"d","rho",0.885424941424942
"mse",97,"gamma","rho",-0.962776610776611
"mse",97,"d","gamma",-0.809690381690382
"mse",98,"d","rho",0.86161902961903
"mse",98,"gamma","rho",-0.964458376458377
"mse",98,"d","gamma",-0.788486252486253
"mse",99,"d","rho",0.884779292779293
"mse",99,"gamma","rho",-0.952870108870109
"mse",99,"d","gamma",-0.807530871530872
"mse",100,"d","rho",0.889770841770842
"mse",100,"gamma","rho",-0.96213449013449
"mse",100,"d","gamma",-0.817977553977554
"rate_state",1,"1-B","ta",-0.562340218340218
"rate_state",2,"1-B","ta",-0.623158247158247
"rate_state",3,"1-B","ta",-0.564104556104556
"rate_state",4,"1-B","ta",-0.610151218151218
"rate_state",5,"1-B","ta",-0.592567816567817
"rate_state",6,"1-B","ta",-0.564431988431988
"rate_state",7,"1-B","ta",-0.54571958971959
"rate_state",8,"1-B","ta",-0.602199794199794
"rate_state",9,"1-B","ta",-0.587959727959728
"rate_state",10,"1-B","ta",-0.595316851316851
"rate_state",11,"1-B","ta",-0.555359367359367
"rate_state",12,"1-B","ta",-0.587564723564724
"rate_state",13,"1-B","ta",-0.616007608007608
"rate_state",14,"1-B","ta",-0.645763797763798
"rate_state",15,"1-B","ta",-0.562825654825655
"rate_state",16,"1-B","ta",-0.603219855219855
"rate_state",17,"1-B","ta",-0.614485946485947
"rate_state",18,"1-B","ta",-0.558250434250434
"rate_state",19,"1-B","ta",-0.596981336981337
"rate_state",20,"1-B","ta",-0.569193629193629
"rate_state",21,"1-B","ta",-0.615999123999124
"rate_state",22,"1-B","ta",-0.600578520578521
"rate_state",23,"1-B","ta",-0.562957186957187
"rate_state",24,"1-B","ta",-0.578936894936895
"rate_state",25,"1-B","ta",-0.582965802965803
"rate_state",26,"1-B","ta",-0.64553004953005
"rate_state",27,"1-B","ta",-0.60990750990751
"rate_state",28,"1-B","ta",-0.577854877854878
"rate_state",29,"1-B","ta",-0.567956775956776
"rate_state",30,"1-B","ta",-0.599803103803104
"rate_state",31,"1-B","ta",-0.60142840942841
"rate_state",32,"1-B","ta",-0.567268515268515
"rate_state",33,"1-B","ta",-0.59403081003081
"rate_state",34,"1-B","ta",-0.55834527034527
"rate_state",35,"1-B","ta",-0.609044661044661
"rate_state",36,"1-B","ta",-0.596956364956365
"rate_state",37,"1-B","ta",-0.600498936498937
"rate_state",38,"1-B","ta",-0.622743286743287
"rate_state",39,"1-B","ta",-0.60803318003318
"rate_state",40,"1-B","ta",-0.558783498783499
"rate_state",41,"1-B","ta",-0.608347268347268
"rate_state",42,"1-B","ta",-0.569107181107181
"rate_state",43,"1-B","ta",-0.578533766533767
"rate_state",44,"1-B","ta",-0.553604461604462
"rate_state",45,"1-B","ta",-0.575070755070755
"rate_state",46,"1-B","ta",-0.60547976947977
"rate_state",47,"1-B","ta",-0.5602478002478
"rate_state",48,"1-B","ta",-0.595457695457696
"rate_state",49,"1-B","ta",-0.524560760560761
"rate_state",50,"1-B","ta",-0.584536112536113
"rate_state",51,"1-B","ta",-0.616058452058452
"rate_state",52,"1-B","ta",-0.578656874656875
"rate_state",53,"1-B","ta",-0.55607176007176
"rate_state",54,"1-B","ta",-0.581263325263325
"rate_state",55,"1-B","ta",-0.620823620823621
"rate_state",56,"1-B","ta",-0.585289293289293
"rate_state",57,"1-B","ta",-0.592593952593953
"rate_state",58,"1-B","ta",-0.595248511248511
"rate_state",59,"1-B","ta",-0.588693168693169
"rate_state",60,"1-B","ta",-0.593403041403041
"rate_state",61,"1-B","ta",-0.592753552753553
"rate_state",62,"1-B","ta",-0.578443046443047
"rate_state",63,"1-B","ta",-0.629179829179829
"rate_state",64,"1-B","ta",-0.58961518961519
"rate_state",65,"1-B","ta",-0.599869151869152
"rate_state",66,"1-B","ta",-0.5837947997948
"rate_state",67,"1-B","ta",-0.610639894639895
"rate_state",68,"1-B","ta",-0.585998481998482
"rate_state",69,"1-B","ta",-0.62967302967303
"rate_state",70,"1-B","ta",-0.594899634899635
"rate_state",71,"1-B","ta",-0.605500517500518
"rate_state",72,"1-B","ta",-0.561803925803926
"rate_state",73,"1-B","ta",-0.610340938340938
"rate_state",74,"1-B","ta",-0.574800538800539
"rate_state",75,"1-B","ta",-0.630355146355146
"rate_state",76,"1-B","ta",-0.61398892998893
"rate_state",77,"1-B","ta",-0.556648324648325
"rate_state",78,"1-B","ta",-0.571751083751084
"rate_state",79,"1-B","ta",-0.590018906018906
"rate_state",80,"1-B","ta",-0.590978378978379
"rate_state",81,"1-B","ta",-0.596053112053112
"rate_state",82,"1-B","ta",-0.614733014733015
"rate_state",83,"1-B","ta",-0.580930036930037
"rate_state",84,"1-B","ta",-0.588592236592237
"rate_state",85,"1-B","ta",-0.549369681369681
"rate_state",86,"1-B","ta",-0.575279975279975
"rate_state",87,"1-B","ta",-0.600661008661009
"rate_state",88,"1-B","ta",-0.589922917922918
"rate_state",89,"1-B","ta",-0.58428374028374
"rate_state",90,"1-B","ta",-0.625293589293589
"rate_state",91,"1-B","ta",-0.576756804756805
"rate_state",92,"1-B","ta",-0.572237864237864
"rate_state",93,"1-B","ta",-0.583598395598396
"rate_state",94,"1-B","ta",-0.610693342693343
"rate_state",95,"1-B","ta",-0.552150528150528
"rate_state",96,"1-B","ta",-0.588753840753841
"rate_state",97,"1-B","ta",-0.592125076125076
"rate_state",98,"1-B","ta",-0.565344721344721
"rate_state",99,"1-B","ta",-0.578935658935659
"rate_state",100,"1-B","ta",-0.561631641631642
