"kernel","n_fit","n_pre_mainshock","n_post_mainshock","n_forecast","n_total","max_magnitude","max_generation","rep","seed"
"ou",4356,781,3575,396,4752,7.1,18,1,910001
"mse",2533,1429,1104,179,2712,7.1,14,1,910002
"rate_state",2010,144,1866,104,2114,7.1,13,1,910003
"ou",2287,146,2141,498,2785,7.1,12,2,910004
"mse",2008,160,1848,119,2127,7.1,16,2,910005
"rate_state",4132,268,3864,133,4265,7.1,18,2,910006
"ou",2065,332,1733,156,2221,7.1,11,3,910007
"mse",1935,936,999,90,2025,7.1,14,3,910008
"rate_state",2342,204,2138,742,3084,7.1,13,3,910009
"ou",4303,169,4134,399,4702,7.1,16,4,910010
"mse",5125,451,4674,92,5217,7.1,13,4,910011
"rate_state",2382,184,2198,635,3017,7.1,15,4,910012
"ou",1278,272,1006,200,1478,7.1,9,5,910013
"mse",8256,184,8072,113,8369,7.1,16,5,910014
"rate_state",4111,155,3956,185,4296,7.1,19,5,910015
"ou",3543,159,3384,255,3798,7.1,14,6,910016
"mse",2414,312,2102,115,2529,7.1,12,6,910017
"rate_state",2120,1042,1078,245,2365,7.1,13,6,910018
"ou",3638,1678,1960,295,3933,7.1,17,7,910019
"mse",3730,2490,1240,139,3869,7.1,20,7,910020
"rate_state",2121,266,1855,414,2535,7.1,11,7,910021
"ou",1491,186,1305,318,1809,7.1,13,8,910022
"mse",1576,168,1408,2277,3853,7.1,21,8,910023
"rate_state",1489,239,1250,222,1711,7.1,10,8,910024
"ou",5619,1417,4202,1715,7334,7.1,26,9,910025
"mse",1435,219,1216,79,1514,7.1,9,9,910026
"rate_state",1836,368,1468,253,2089,7.1,9,9,910027
"ou",2431,321,2110,224,2655,7.1,10,10,910028
"mse",1366,158,1208,76,1442,7.1,11,10,910029
"rate_state",4289,197,4092,166,4455,7.1,15,10,910030
"ou",1802,192,1610,135,1937,7.1,10,11,910031
"mse",1817,293,1524,126,1943,7.1,13,11,910032
"rate_state",1517,173,1344,104,1621,7.1,8,11,910033
"ou",2201,564,1637,186,2387,7.1,11,12,910034
"mse",1996,121,1875,99,2095,7.1,14,12,910035
"rate_state",3288,315,2973,305,3593,7.1,17,12,910036
"ou",4737,2826,1911,322,5059,7.1,15,13,910037
"mse",1648,227,1421,113,1761,7.1,12,13,910038
"rate_state",1549,414,1135,204,1753,7.1,10,13,910039
"ou",3029,178,2851,170,3199,7.1,15,14,910040
"mse",4705,130,4575,49,4754,7.1,14,14,910041
"rate_state",1738,151,1587,230,1968,7.1,7,14,910042
"ou",7047,187,6860,1539,8586,7.1,21,15,910043
"mse",1819,119,1700,393,2212,7.1,13,15,910044
"rate_state",6670,174,6496,152,6822,7.1,26,15,910045
"ou",2183,171,2012,307,2490,7.1,12,16,910046
"mse",2038,355,1683,104,2142,7.1,8,16,910047
"rate_state",2928,166,2762,99,3027,7.1,14,16,910048
"ou",1976,211,1765,271,2247,7.1,12,17,910049
"mse",1440,486,954,131,1571,7.1,9,17,910050
"rate_state",1709,281,1428,215,1924,7.1,9,17,910051
"ou",4815,1858,2957,547,5362,7.1,17,18,910052
"mse",2458,231,2227,129,2587,7.1,13,18,910053
"rate_state",1438,161,1277,86,1524,7.1,10,18,910054
"ou",2876,393,2483,234,3110,7.1,14,19,910055
"mse",1646,206,1440,76,1722,7.1,11,19,910056
"rate_state",1427,192,1235,80,1507,7.1,9,19,910057
"ou",1828,144,1684,249,2077,7.1,14,20,910058
"mse",1576,125,1451,82,1658,7.1,7,20,910059
"rate_state",2507,1082,1425,266,2773,7.1,15,20,910060
"ou",1676,232,1444,119,1795,7.1,9,21,910061
"mse",2067,604,1463,126,2193,7.1,10,21,910062
"rate_state",2830,114,2716,109,2939,7.1,14,21,910063
"ou",1622,163,1459,323,1945,7.1,10,22,910064
"mse",2899,1597,1302,133,3032,7.1,14,22,910065
"rate_state",3166,319,2847,507,3673,7.1,17,22,910066
"ou",1947,394,1553,178,2125,7.1,11,23,910067
"mse",4210,1125,3085,134,4344,7.1,11,23,910068
"rate_state",1343,167,1176,374,1717,7.1,10,23,910069
"ou",2720,79,2641,157,2877,7.1,14,24,910070
"mse",2157,272,1885,84,2241,7.1,11,24,910071
"rate_state",1368,129,1239,68,1436,7.1,11,24,910072
"ou",8358,347,8011,412,8770,7.1,17,25,910073
"mse",4445,160,4285,127,4572,7.1,15,25,910074
"rate_state",6111,182,5929,113,6224,7.1,19,25,910075
"ou",1137,133,1004,171,1308,7.1,9,26,910076
"mse",4095,158,3937,96,4191,7.1,14,26,910077
"rate_state",3931,603,3328,1108,5039,7.1,25,26,910078
"ou",3642,578,3064,413,4055,7.1,13,27,910079
"mse",4049,156,3893,380,4429,7.1,13,27,910080
"rate_state",2952,259,2693,250,3202,7.1,14,27,910081
"ou",5470,235,5235,584,6054,7.1,18,28,910082
"mse",2692,243,2449,420,3112,7.1,11,28,910083
"rate_state",2327,217,2110,102,2429,7.1,11,28,910084
"ou",1238,123,1115,101,1339,7.1,6,29,910085
"mse",2518,361,2157,125,2643,7.1,9,29,910086
"rate_state",4301,2821,1480,394,4695,7.1,28,29,910087
"ou",2190,158,2032,316,2506,7.1,10,30,910088
"mse",1651,299,1352,128,1779,7.1,8,30,910089
"rate_state",6045,3112,2933,209,6254,7.1,24,30,910090
"ou",3305,311,2994,241,3546,7.1,14,31,910091
"mse",2581,288,2293,146,2727,7.1,18,31,910092
"rate_state",4124,548,3576,576,4700,7.1,14,31,910093
"ou",2676,802,1874,154,2830,7.1,9,32,910094
"mse",5634,391,5243,74,5708,7.1,19,32,910095
"rate_state",4984,181,4803,92,5076,7.1,14,32,910096
"ou",3231,145,3086,213,3444,7.1,11,33,910097
"mse",1446,225,1221,133,1579,7.1,8,33,910098
"rate_state",1738,180,1558,269,2007,7.1,11,33,910099
"ou",1654,373,1281,680,2334,7.1,12,34,910100
"mse",1191,145,1046,92,1283,7.1,9,34,910101
"rate_state",2470,449,2021,97,2567,7.1,12,34,910102
"ou",4734,150,4584,372,5106,7.1,20,35,910103
"mse",4481,228,4253,104,4585,7.1,17,35,910104
"rate_state",1922,228,1694,507,2429,7.1,12,35,910105
"ou",5894,1261,4633,588,6482,7.1,16,36,910106
"mse",1912,491,1421,246,2158,7.1,10,36,910107
"rate_state",2667,1348,1319,218,2885,7.1,17,36,910108
"ou",3507,217,3290,272,3779,7.1,15,37,910109
"mse",1170,177,993,277,1447,7.1,8,37,910110
"rate_state",3253,169,3084,120,3373,7.1,10,37,910111
"ou",2123,557,1566,204,2327,7.1,10,38,910112
"mse",4291,201,4090,99,4390,7.1,13,38,910113
"rate_state",4363,348,4015,111,4474,7.1,19,38,910114
"ou",1954,675,1279,305,2259,7.1,10,39,910115
"mse",4639,205,4434,92,4731,7.1,18,39,910116
"rate_state",1831,175,1656,174,2005,7.1,13,39,910117
"ou",2427,245,2182,1468,3895,7.1,15,40,910118
"mse",2063,156,1907,74,2137,7.1,12,40,910119
"rate_state",1261,135,1126,155,1416,7.1,8,40,910120
"ou",5188,134,5054,450,5638,7.1,27,41,910121
"mse",1705,126,1579,87,1792,7.1,8,41,910122
"rate_state",6868,160,6708,231,7099,7.1,24,41,910123
"ou",4559,174,4385,420,4979,7.1,25,42,910124
"mse",2022,202,1820,100,2122,7.1,9,42,910125
"rate_state",1953,177,1776,208,2161,7.1,12,42,910126
"ou",4361,395,3966,418,4779,7.1,20,43,910127
"mse",1986,203,1783,5448,7434,7.1,24,43,910128
"rate_state",1404,184,1220,266,1670,7.1,8,43,910129
"ou",1622,237,1385,519,2141,7.1,9,44,910130
"mse",5966,274,5692,183,6149,7.1,15,44,910131
"rate_state",2813,468,2345,85,2898,7.1,15,44,910132
"ou",1274,179,1095,162,1436,7.1,8,45,910133
"mse",1760,264,1496,461,2221,7.1,11,45,910134
"rate_state",2627,163,2464,434,3061,7.1,12,45,910135
"ou",5700,3923,1777,1194,6894,7.1,21,46,910136
"mse",5105,145,4960,79,5184,7.1,18,46,910137
"rate_state",2367,242,2125,67,2434,7.1,10,46,910138
"ou",6056,159,5897,494,6550,7.1,21,47,910139
"mse",1565,195,1370,129,1694,7.1,10,47,910140
"rate_state",1782,153,1629,94,1876,7.1,12,47,910141
"ou",1941,263,1678,447,2388,7.1,16,48,910142
"mse",1932,139,1793,173,2105,7.1,13,48,910143
"rate_state",3599,730,2869,265,3864,7.1,12,48,910144
"ou",1298,206,1092,354,1652,7.1,8,49,910145
"mse",2685,212,2473,98,2783,7.1,14,49,910146
"rate_state",5569,2806,2763,106,5675,7.1,16,49,910147
"ou",1138,190,948,320,1458,7.1,11,50,910148
"mse",1781,204,1577,159,1940,7.1,9,50,910149
"rate_state",4725,331,4394,153,4878,7.1,15,50,910150
"ou",1646,214,1432,432,2078,7.1,17,51,910151
"mse",7910,148,7762,90,8000,7.1,20,51,910152
"rate_state",2034,175,1859,266,2300,7.1,12,51,910153
"ou",1311,304,1007,974,2285,7.1,8,52,910154
"mse",1097,153,944,84,1181,7.1,8,52,910155
"rate_state",4342,483,3859,947,5289,7.1,22,52,910156
"ou",4803,581,4222,254,5057,7.1,15,53,910157
"mse",1374,209,1165,131,1505,7.1,10,53,910158
"rate_state",1315,322,993,1313,2628,7.1,21,53,910159
"ou",1738,131,1607,162,1900,7.1,8,54,910160
"mse",2127,173,1954,88,2215,7.1,12,54,910161
"rate_state",2159,216,1943,322,2481,7.1,10,54,910162
"ou",1534,593,941,313,1847,7.1,9,55,910163
"mse",2307,236,2071,81,2388,7.1,14,55,910164
"rate_state",5873,127,5746,2673,8546,7.1,21,55,910165
"ou",2252,187,2065,142,2394,7.1,10,56,910166
"mse",2504,332,2172,310,2814,7.1,15,56,910167
"rate_state",2154,859,1295,320,2474,7.1,10,56,910168
"ou",1445,330,1115,1688,3133,7.1,23,57,910169
"mse",6670,295,6375,76,6746,7.1,17,57,910170
"rate_state",3053,500,2553,93,3146,7.1,12,57,910171
"ou",1775,380,1395,626,2401,7.1,11,58,910172
"mse",2608,293,2315,94,2702,7.1,10,58,910173
"rate_state",1716,142,1574,550,2266,7.1,14,58,910174
"ou",1931,247,1684,228,2159,7.1,10,59,910175
"mse",1487,209,1278,189,1676,7.1,7,59,910176
"rate_state",3983,1250,2733,582,4565,7.1,11,59,910177
"ou",2412,288,2124,176,2588,7.1,17,60,910178
"mse",1806,189,1617,95,1901,7.1,12,60,910179
"rate_state",2082,232,1850,130,2212,7.1,13,60,910180
"ou",1845,144,1701,208,2053,7.1,19,61,910181
"mse",2040,297,1743,497,2537,7.1,15,61,910182
"rate_state",2520,144,2376,106,2626,7.1,13,61,910183
"ou",2756,339,2417,240,2996,7.1,15,62,910184
"mse",2976,1391,1585,100,3076,7.1,13,62,910185
"rate_state",5700,153,5547,1021,6721,7.1,16,62,910186
"ou",1485,122,1363,170,1655,7.1,9,63,910187
"mse",1961,313,1648,121,2082,7.1,11,63,910188
"rate_state",2169,227,1942,99,2268,7.1,9,63,910189
"ou",1802,148,1654,161,1963,7.1,9,64,910190
"mse",1697,483,1214,278,1975,7.1,14,64,910191
"rate_state",4067,194,3873,347,4414,7.1,21,64,910192
"ou",5180,280,4900,600,5780,7.1,18,65,910193
"mse",2504,332,2172,92,2596,7.1,15,65,910194
"rate_state",15229,145,15084,463,15692,7.1,38,65,910195
"ou",1333,233,1100,609,1942,7.1,9,66,910196
"mse",2196,168,2028,71,2267,7.1,13,66,910197
"rate_state",2803,525,2278,92,2895,7.1,11,66,910198
"ou",1348,163,1185,390,1738,7.1,10,67,910199
"mse",1589,215,1374,72,1661,7.1,11,67,910200
"rate_state",1366,359,1007,87,1453,7.1,10,67,910201
"ou",4967,175,4792,428,5395,7.1,24,68,910202
"mse",2109,166,1943,78,2187,7.1,13,68,910203
"rate_state",6768,229,6539,150,6918,7.1,39,68,910204
"ou",1733,204,1529,163,1896,7.1,8,69,910205
"mse",4343,140,4203,84,4427,7.1,14,69,910206
"rate_state",3696,611,3085,248,3944,7.1,12,69,910207
"ou",2142,121,2021,210,2352,7.1,13,70,910208
"mse",1927,362,1565,964,2891,7.1,10,70,910209
"rate_state",2840,218,2622,139,2979,7.1,11,70,910210
"ou",1365,127,1238,178,1543,7.1,6,71,910211
"mse",6645,254,6391,725,7370,7.1,22,71,910212
"rate_state",2932,197,2735,165,3097,7.1,14,71,910213
"ou",1754,330,1424,157,1911,7.1,10,72,910214
"mse",2611,354,2257,158,2769,7.1,17,72,910215
"rate_state",1778,196,1582,93,1871,7.1,11,72,910216
"ou",6026,307,5719,1216,7242,7.1,19,73,910217
"mse",1212,267,945,216,1428,7.1,7,73,910218
"rate_state",7137,1073,6064,128,7265,7.1,25,73,910219
"ou",1025,207,818,428,1453,7.1,8,74,910220
"mse",4196,184,4012,65,4261,7.1,12,74,910221
"rate_state",1158,233,925,197,1355,7.1,9,74,910222
"ou",1697,306,1391,209,1906,7.1,13,75,910223
"mse",1408,155,1253,97,1505,7.1,8,75,910224
"rate_state",1635,108,1527,127,1762,7.1,10,75,910225
"ou",1414,192,1222,878,2292,7.1,12,76,910226
"mse",2918,1466,1452,115,3033,7.1,9,76,910227
"rate_state",1925,231,1694,137,2062,7.1,13,76,910228
"ou",2668,368,2300,151,2819,7.1,15,77,910229
"mse",2854,326,2528,70,2924,7.1,13,77,910230
"rate_state",2421,174,2247,102,2523,7.1,12,77,910231
"ou",1306,144,1162,94,1400,7.1,8,78,910232
"mse",1331,166,1165,198,1529,7.1,9,78,910233
"rate_state",1556,115,1441,151,1707,7.1,12,78,910234
"ou",1296,250,1046,122,1418,7.1,10,79,910235
"mse",2954,844,2110,87,3041,7.1,16,79,910236
"rate_state",1439,272,1167,3793,5232,7.1,17,79,910237
"ou",2203,121,2082,115,2318,7.1,14,80,910238
"mse",1996,292,1704,372,2368,7.1,11,80,910239
"rate_state",3513,315,3198,109,3622,7.1,13,80,910240
"ou",5651,273,5378,685,6336,7.1,18,81,910241
"mse",3230,190,3040,604,3834,7.1,15,81,910242
"rate_state",1927,1009,918,114,2041,7.1,11,81,910243
"ou",2303,704,1599,257,2560,7.1,14,82,910244
"mse",2606,150,2456,184,2790,7.1,16,82,910245
"rate_state",4300,188,4112,799,5099,7.1,19,82,910246
"ou",2435,859,1576,142,2577,7.1,15,83,910247
"mse",3272,1254,2018,154,3426,7.1,13,83,910248
"rate_state",1767,130,1637,117,1884,7.1,8,83,910249
"ou",1986,177,1809,209,2195,7.1,10,84,910250
"mse",2938,194,2744,78,3016,7.1,12,84,910251
"rate_state",2823,151,2672,434,3257,7.1,10,84,910252
"ou",2046,386,1660,172,2218,7.1,10,85,910253
"mse",2172,310,1862,322,2494,7.1,13,85,910254
"rate_state",2016,894,1122,201,2217,7.1,15,85,910255
"ou",9053,4665,4388,4347,13400,7.1,37,86,910256
"mse",3984,337,3647,192,4176,7.1,20,86,910257
"rate_state",1733,180,1553,147,1880,7.1,10,86,910258
"ou",2667,1384,1283,365,3032,7.1,14,87,910259
"mse",2609,203,2406,82,2691,7.1,12,87,910260
"rate_state",4364,310,4054,167,4531,7.1,17,87,910261
"ou",1459,150,1309,208,1667,7.1,9,88,910262
"mse",4275,743,3532,147,4422,7.1,17,88,910263
"rate_state",6438,2142,4296,122,6560,7.1,18,88,910264
"ou",2147,132,2015,227,2374,7.1,11,89,910265
"mse",1503,192,1311,251,1754,7.1,11,89,910266
"rate_state",6788,250,6538,150,6938,7.1,16,89,910267
"ou",4436,893,3543,1331,5767,7.1,18,90,910268
"mse",4970,301,4669,123,5093,7.1,17,90,910269
"rate_state",2542,425,2117,106,2648,7.1,12,90,910270
"ou",3472,942,2530,534,4006,7.1,12,91,910271
"mse",1385,431,954,84,1469,7.1,8,91,910272
"rate_state",2076,203,1873,144,2220,7.1,11,91,910273
"ou",1532,217,1315,145,1677,7.1,9,92,910274
"mse",7205,700,6505,142,7347,7.1,24,92,910275
"rate_state",2865,384,2481,328,3193,7.1,12,92,910276
"ou",9431,571,8860,886,10317,7.1,17,93,910277
"mse",3241,224,3017,153,3394,7.1,16,93,910278
"rate_state",1267,235,1032,371,1638,7.1,14,93,910279
"ou",2428,144,2284,3154,5582,7.1,21,94,910280
"mse",2302,203,2099,197,2499,7.1,10,94,910281
"rate_state",4305,166,4139,195,4500,7.1,13,94,910282
"ou",3244,1506,1738,237,3481,7.1,16,95,910283
"mse",2809,175,2634,121,2930,7.1,12,95,910284
"rate_state",3066,495,2571,98,3164,7.1,12,95,910285
"ou",2487,291,2196,181,2668,7.1,11,96,910286
"mse",1527,237,1290,111,1638,7.1,11,96,910287
"rate_state",4181,118,4063,1570,5751,7.1,20,96,910288
"ou",3107,176,2931,231,3338,7.1,16,97,910289
"mse",2873,768,2105,80,2953,7.1,18,97,910290
"rate_state",2829,213,2616,96,2925,7.1,14,97,910291
"ou",3416,320,3096,331,3747,7.1,17,98,910292
"mse",3634,134,3500,85,3719,7.1,13,98,910293
"rate_state",1341,152,1189,263,1604,7.1,10,98,910294
"ou",3428,263,3165,955,4383,7.1,18,99,910295
"mse",4189,497,3692,101,4290,7.1,19,99,910296
"rate_state",1613,428,1185,105,1718,7.1,17,99,910297
"ou",1281,221,1060,199,1480,7.1,12,100,910298
"mse",2310,1250,1060,166,2476,7.1,9,100,910299
"rate_state",2700,453,2247,110,2810,7.1,14,100,910300
