"truth_kernel","fitted_kernel","rep","catalogue_seed","fit_seed","n_fit","runtime_minutes","converged","hit_max","n_iter","n_cpo_fail","status","error","file"
"ou","ou",1,1001,1000001,2515,1.66540794769923,TRUE,FALSE,29,0,"existing",NA,"rep_0001_fit_ou.rds"
"ou","mse",1,1001,1000002,2515,0.954930782318115,TRUE,FALSE,10,0,"existing",NA,"rep_0001_fit_mse.rds"
"ou","rate_state",1,1001,1000003,2515,0.497354213396708,TRUE,FALSE,5,1,"existing",NA,"rep_0001_fit_rate_state.rds"
"ou","ou",2,1002,1000004,4295,4.62758586406708,TRUE,FALSE,32,0,"existing",NA,"rep_0002_fit_ou.rds"
"ou","mse",2,1002,1000005,4295,6.45269659757614,TRUE,FALSE,34,0,"existing",NA,"rep_0002_fit_mse.rds"
"ou","rate_state",2,1002,1000006,4295,2.28890803257624,TRUE,FALSE,13,1,"existing",NA,"rep_0002_fit_rate_state.rds"
"ou","ou",3,1003,1000007,3603,4.46239128510157,TRUE,FALSE,35,0,"existing",NA,"rep_0003_fit_ou.rds"
"ou","mse",3,1003,1000008,3603,5.66950903336207,TRUE,FALSE,36,0,"existing",NA,"rep_0003_fit_mse.rds"
"ou","rate_state",3,1003,1000009,3603,4.46166548331579,TRUE,FALSE,33,0,"existing",NA,"rep_0003_fit_rate_state.rds"
"ou","ou",4,1004,1000010,1639,0.8729860663414,TRUE,FALSE,23,0,"existing",NA,"rep_0004_fit_ou.rds"
"ou","mse",4,1004,1000011,1639,1.18238935073217,TRUE,FALSE,28,0,"existing",NA,"rep_0004_fit_mse.rds"
"ou","rate_state",4,1004,1000012,1639,6.61763576666514,FALSE,TRUE,100,1,"existing",NA,"rep_0004_fit_rate_state.rds"
"ou","ou",5,1005,1000013,1962,1.81044421593348,TRUE,FALSE,27,0,"existing",NA,"rep_0005_fit_ou.rds"
"ou","mse",5,1005,1000014,1962,1.99508548180262,TRUE,FALSE,28,0,"existing",NA,"rep_0005_fit_mse.rds"
"ou","rate_state",5,1005,1000015,1962,7.53245811462402,FALSE,TRUE,100,1,"existing",NA,"rep_0005_fit_rate_state.rds"
"ou","ou",6,1006,1000016,1810,1.52224938074748,TRUE,FALSE,24,0,"existing",NA,"rep_0006_fit_ou.rds"
"ou","mse",6,1006,1000017,1810,2.38097138404846,TRUE,FALSE,31,0,"existing",NA,"rep_0006_fit_mse.rds"
"ou","rate_state",6,1006,1000018,1810,3.61879088481267,TRUE,FALSE,55,0,"existing",NA,"rep_0006_fit_rate_state.rds"
"ou","ou",7,1007,1000019,3791,3.04525970220566,TRUE,FALSE,32,0,"existing",NA,"rep_0007_fit_ou.rds"
"ou","mse",7,1007,1000020,3791,6.28250913619995,TRUE,FALSE,46,0,"existing",NA,"rep_0007_fit_mse.rds"
"ou","rate_state",7,1007,1000021,3791,5.90260936816533,TRUE,FALSE,42,0,"existing",NA,"rep_0007_fit_rate_state.rds"
"ou","ou",8,1008,1000022,1793,1.50934626658758,TRUE,FALSE,26,0,"existing",NA,"rep_0008_fit_ou.rds"
"ou","mse",8,1008,1000023,1793,1.9510867635409,TRUE,FALSE,29,0,"existing",NA,"rep_0008_fit_mse.rds"
"ou","rate_state",8,1008,1000024,1793,3.19088598092397,TRUE,FALSE,52,0,"existing",NA,"rep_0008_fit_rate_state.rds"
"ou","ou",9,1009,1000025,1994,2.13301793336868,TRUE,FALSE,28,0,"existing",NA,"rep_0009_fit_ou.rds"
"ou","mse",9,1009,1000026,1994,0.582696350415548,TRUE,FALSE,6,0,"existing",NA,"rep_0009_fit_mse.rds"
"ou","rate_state",9,1009,1000027,1994,2.22921153306961,TRUE,FALSE,31,0,"existing",NA,"rep_0009_fit_rate_state.rds"
"ou","ou",10,1010,1000028,7596,13.7258609652519,TRUE,FALSE,40,0,"existing",NA,"rep_0010_fit_ou.rds"
"ou","mse",10,1010,1000029,7596,23.2279726147652,TRUE,FALSE,44,0,"existing",NA,"rep_0010_fit_mse.rds"
"ou","rate_state",10,1010,1000030,7596,27.870648864905,TRUE,FALSE,82,0,"existing",NA,"rep_0010_fit_rate_state.rds"
"ou","ou",11,1011,1000031,2214,1.63322963317235,TRUE,FALSE,26,0,"existing",NA,"rep_0011_fit_ou.rds"
"ou","mse",11,1011,1000032,2214,0.537922215461731,TRUE,FALSE,7,0,"existing",NA,"rep_0011_fit_mse.rds"
"ou","rate_state",11,1011,1000033,2214,0.445478916168213,TRUE,FALSE,6,1,"existing",NA,"rep_0011_fit_rate_state.rds"
"ou","ou",12,1012,1000034,2458,2.29125841458639,TRUE,FALSE,27,0,"existing",NA,"rep_0012_fit_ou.rds"
"ou","mse",12,1012,1000035,2458,2.3440175652504,TRUE,FALSE,25,0,"existing",NA,"rep_0012_fit_mse.rds"
"ou","rate_state",12,1012,1000036,2458,2.18952753543854,TRUE,FALSE,26,0,"existing",NA,"rep_0012_fit_rate_state.rds"
"ou","ou",13,1013,1000037,6385,15.0612137476603,TRUE,FALSE,46,0,"existing",NA,"rep_0013_fit_ou.rds"
"ou","mse",13,1013,1000038,6385,14.1013891498248,TRUE,FALSE,42,0,"existing",NA,"rep_0013_fit_mse.rds"
"ou","rate_state",13,1013,1000039,6385,3.93692153294881,TRUE,FALSE,14,1,"existing",NA,"rep_0013_fit_rate_state.rds"
"ou","ou",14,1014,1000040,2116,1.75023566484451,TRUE,FALSE,27,0,"existing",NA,"rep_0014_fit_ou.rds"
"ou","mse",14,1014,1000041,2116,0.550308799743652,TRUE,FALSE,7,0,"existing",NA,"rep_0014_fit_mse.rds"
"ou","rate_state",14,1014,1000042,2116,2.11508586804072,TRUE,FALSE,33,0,"existing",NA,"rep_0014_fit_rate_state.rds"
"ou","ou",15,1015,1000043,4240,5.76708823045095,TRUE,FALSE,38,0,"existing",NA,"rep_0015_fit_ou.rds"
"ou","mse",15,1015,1000044,4240,33.3818071484566,FALSE,TRUE,100,1,"existing",NA,"rep_0015_fit_mse.rds"
"ou","rate_state",15,1015,1000045,4240,12.6372405687968,FALSE,TRUE,100,1,"existing",NA,"rep_0015_fit_rate_state.rds"
"ou","ou",16,1016,1000046,4142,7.20806201696396,TRUE,FALSE,41,0,"existing",NA,"rep_0016_fit_ou.rds"
"ou","mse",16,1016,1000047,4142,7.22034735282262,TRUE,FALSE,37,0,"existing",NA,"rep_0016_fit_mse.rds"
"ou","rate_state",16,1016,1000048,4142,6.20577401717504,TRUE,FALSE,42,0,"existing",NA,"rep_0016_fit_rate_state.rds"
"ou","ou",17,1017,1000049,2386,2.27347470124563,TRUE,FALSE,29,0,"existing",NA,"rep_0017_fit_ou.rds"
"ou","mse",17,1017,1000050,2386,2.1566076318423,TRUE,FALSE,27,0,"existing",NA,"rep_0017_fit_mse.rds"
"ou","rate_state",17,1017,1000051,2386,2.21207186778386,TRUE,FALSE,33,0,"existing",NA,"rep_0017_fit_rate_state.rds"
"ou","ou",18,1018,1000052,2624,2.38658580382665,TRUE,FALSE,30,0,"existing",NA,"rep_0018_fit_ou.rds"
"ou","mse",18,1018,1000053,2624,2.18496073484421,TRUE,FALSE,26,0,"existing",NA,"rep_0018_fit_mse.rds"
"ou","rate_state",18,1018,1000054,2624,0.861147197087606,TRUE,FALSE,9,1,"existing",NA,"rep_0018_fit_rate_state.rds"
"ou","ou",19,1019,1000055,2998,3.84169533252716,TRUE,FALSE,34,0,"existing",NA,"rep_0019_fit_ou.rds"
"ou","mse",19,1019,1000056,2998,4.3073978304863,TRUE,FALSE,33,0,"existing",NA,"rep_0019_fit_mse.rds"
"ou","rate_state",19,1019,1000057,2998,7.23237388134003,TRUE,FALSE,70,0,"existing",NA,"rep_0019_fit_rate_state.rds"
"ou","ou",20,1020,1000058,2032,1.89182814757029,TRUE,FALSE,26,0,"existing",NA,"rep_0020_fit_ou.rds"
"ou","mse",20,1020,1000059,2032,2.33856074810028,TRUE,FALSE,32,0,"existing",NA,"rep_0020_fit_mse.rds"
"ou","rate_state",20,1020,1000060,2032,3.12281609773636,TRUE,FALSE,51,0,"existing",NA,"rep_0020_fit_rate_state.rds"
"ou","ou",21,1021,1000061,2297,1.79806512991587,TRUE,FALSE,27,0,"existing",NA,"rep_0021_fit_ou.rds"
"ou","mse",21,1021,1000062,2297,0.613678598403931,TRUE,FALSE,7,0,"existing",NA,"rep_0021_fit_mse.rds"
"ou","rate_state",21,1021,1000063,2297,3.29445136388143,TRUE,FALSE,51,0,"existing",NA,"rep_0021_fit_rate_state.rds"
"ou","ou",22,1022,1000064,2199,2.0408860484759,TRUE,FALSE,29,0,"existing",NA,"rep_0022_fit_ou.rds"
"ou","mse",22,1022,1000065,2199,0.516884382565816,TRUE,FALSE,6,0,"existing",NA,"rep_0022_fit_mse.rds"
"ou","rate_state",22,1022,1000066,2199,1.93686266740163,TRUE,FALSE,29,0,"existing",NA,"rep_0022_fit_rate_state.rds"
"ou","ou",23,1023,1000067,3707,4.46008668343226,TRUE,FALSE,38,0,"existing",NA,"rep_0023_fit_ou.rds"
"ou","mse",23,1023,1000068,3707,2.54159245093664,TRUE,FALSE,13,0,"existing",NA,"rep_0023_fit_mse.rds"
"ou","rate_state",23,1023,1000069,3707,5.91086830298106,TRUE,FALSE,41,0,"existing",NA,"rep_0023_fit_rate_state.rds"
"ou","ou",24,1024,1000070,2029,1.7506710489591,TRUE,FALSE,26,0,"existing",NA,"rep_0024_fit_ou.rds"
"ou","mse",24,1024,1000071,2029,2.05431254704793,TRUE,FALSE,28,0,"existing",NA,"rep_0024_fit_mse.rds"
"ou","rate_state",24,1024,1000072,2029,0.722587180137634,TRUE,FALSE,9,1,"existing",NA,"rep_0024_fit_rate_state.rds"
"ou","ou",25,1025,1000073,1767,1.31275308132172,TRUE,FALSE,23,0,"existing",NA,"rep_0025_fit_ou.rds"
"ou","mse",25,1025,1000074,1767,0.418900648752848,TRUE,FALSE,6,0,"existing",NA,"rep_0025_fit_mse.rds"
"ou","rate_state",25,1025,1000075,1767,1.41676665147146,TRUE,FALSE,26,0,"existing",NA,"rep_0025_fit_rate_state.rds"
"ou","ou",26,1026,1000076,2396,2.33889591693878,TRUE,FALSE,32,0,"existing",NA,"rep_0026_fit_ou.rds"
"ou","mse",26,1026,1000077,2396,2.11700629790624,TRUE,FALSE,28,0,"existing",NA,"rep_0026_fit_mse.rds"
"ou","rate_state",26,1026,1000078,2396,0.855972015857697,TRUE,FALSE,9,1,"existing",NA,"rep_0026_fit_rate_state.rds"
"ou","ou",27,1027,1000079,2361,2.30126521587372,TRUE,FALSE,28,0,"existing",NA,"rep_0027_fit_ou.rds"
"ou","mse",27,1027,1000080,2361,2.52372510035833,TRUE,FALSE,29,0,"existing",NA,"rep_0027_fit_mse.rds"
"ou","rate_state",27,1027,1000081,2361,3.78037156661352,TRUE,FALSE,48,0,"existing",NA,"rep_0027_fit_rate_state.rds"
"ou","ou",28,1028,1000082,1981,1.75304245154063,TRUE,FALSE,25,0,"existing",NA,"rep_0028_fit_ou.rds"
"ou","mse",28,1028,1000083,1981,0.360878618558248,TRUE,FALSE,4,0,"existing",NA,"rep_0028_fit_mse.rds"
"ou","rate_state",28,1028,1000084,1981,6.41491146882375,FALSE,TRUE,100,1,"existing",NA,"rep_0028_fit_rate_state.rds"
"ou","ou",29,1029,1000085,3333,3.72661796410878,TRUE,FALSE,32,0,"existing",NA,"rep_0029_fit_ou.rds"
"ou","mse",29,1029,1000086,3333,3.62615981896718,TRUE,FALSE,29,0,"existing",NA,"rep_0029_fit_mse.rds"
"ou","rate_state",29,1029,1000087,3333,3.11436193386714,TRUE,FALSE,25,1,"existing",NA,"rep_0029_fit_rate_state.rds"
"ou","ou",30,1030,1000088,2356,2.06534123420715,TRUE,FALSE,29,0,"existing",NA,"rep_0030_fit_ou.rds"
"ou","mse",30,1030,1000089,2356,0.560325849056244,TRUE,FALSE,6,0,"existing",NA,"rep_0030_fit_mse.rds"
"ou","rate_state",30,1030,1000090,2356,4.87774916887283,TRUE,FALSE,70,0,"existing",NA,"rep_0030_fit_rate_state.rds"
"ou","ou",31,1031,1000091,3203,3.2711329181989,TRUE,FALSE,30,0,"existing",NA,"rep_0031_fit_ou.rds"
"ou","mse",31,1031,1000092,3203,20.0907529671987,FALSE,TRUE,100,0,"existing",NA,"rep_0031_fit_mse.rds"
"ou","rate_state",31,1031,1000093,3203,1.90259441932042,TRUE,FALSE,17,1,"existing",NA,"rep_0031_fit_rate_state.rds"
"ou","ou",32,1032,1000094,2572,2.14990396499634,TRUE,FALSE,29,0,"existing",NA,"rep_0032_fit_ou.rds"
"ou","mse",32,1032,1000095,2572,0.64533994992574,TRUE,FALSE,7,0,"existing",NA,"rep_0032_fit_mse.rds"
"ou","rate_state",32,1032,1000096,2572,0.608704551060994,TRUE,FALSE,7,1,"existing",NA,"rep_0032_fit_rate_state.rds"
"ou","ou",33,1033,1000097,1342,0.928458984692891,TRUE,FALSE,23,0,"existing",NA,"rep_0033_fit_ou.rds"
"ou","mse",33,1033,1000098,1342,0.290690684318543,TRUE,FALSE,6,0,"existing",NA,"rep_0033_fit_mse.rds"
"ou","rate_state",33,1033,1000099,1342,0.323575532436371,TRUE,FALSE,7,1,"existing",NA,"rep_0033_fit_rate_state.rds"
"ou","ou",34,1034,1000100,1973,1.70095298290253,TRUE,FALSE,25,0,"existing",NA,"rep_0034_fit_ou.rds"
"ou","mse",34,1034,1000101,1973,1.95345666805903,TRUE,FALSE,27,0,"existing",NA,"rep_0034_fit_mse.rds"
"ou","rate_state",34,1034,1000102,1973,1.69222894906998,TRUE,FALSE,25,0,"existing",NA,"rep_0034_fit_rate_state.rds"
"ou","ou",35,1035,1000103,1557,1.16076735258102,TRUE,FALSE,21,0,"existing",NA,"rep_0035_fit_ou.rds"
"ou","mse",35,1035,1000104,1557,1.10463890234629,TRUE,FALSE,22,0,"existing",NA,"rep_0035_fit_mse.rds"
"ou","rate_state",35,1035,1000105,1557,0.272644682725271,TRUE,FALSE,5,1,"existing",NA,"rep_0035_fit_rate_state.rds"
"ou","ou",36,1036,1000106,1334,1.00353046655655,TRUE,FALSE,25,0,"existing",NA,"rep_0036_fit_ou.rds"
"ou","mse",36,1036,1000107,1334,0.674990916252136,TRUE,FALSE,10,0,"existing",NA,"rep_0036_fit_mse.rds"
"ou","rate_state",36,1036,1000108,1334,2.61904859940211,TRUE,FALSE,64,9,"existing",NA,"rep_0036_fit_rate_state.rds"
"ou","ou",37,1037,1000109,4689,7.1079135855039,TRUE,FALSE,44,0,"existing",NA,"rep_0037_fit_ou.rds"
"ou","mse",37,1037,1000110,4689,8.11238646507263,TRUE,FALSE,44,0,"existing",NA,"rep_0037_fit_mse.rds"
"ou","rate_state",37,1037,1000111,4689,6.41690498193105,TRUE,FALSE,43,0,"existing",NA,"rep_0037_fit_rate_state.rds"
"ou","ou",38,1038,1000112,2513,2.24401671886444,TRUE,FALSE,33,0,"existing",NA,"rep_0038_fit_ou.rds"
"ou","mse",38,1038,1000113,2513,2.52094801664352,TRUE,FALSE,33,0,"existing",NA,"rep_0038_fit_mse.rds"
"ou","rate_state",38,1038,1000114,2513,0.643481850624084,TRUE,FALSE,8,1,"existing",NA,"rep_0038_fit_rate_state.rds"
"ou","ou",39,1039,1000115,2590,2.26305651664734,TRUE,FALSE,31,0,"existing",NA,"rep_0039_fit_ou.rds"
"ou","mse",39,1039,1000116,2590,2.71360856691996,TRUE,FALSE,34,0,"existing",NA,"rep_0039_fit_mse.rds"
"ou","rate_state",39,1039,1000117,2590,0.756883283456167,TRUE,FALSE,9,1,"existing",NA,"rep_0039_fit_rate_state.rds"
"ou","ou",40,1040,1000118,3529,4.14322326580683,TRUE,FALSE,38,0,"existing",NA,"rep_0040_fit_ou.rds"
"ou","mse",40,1040,1000119,3529,4.38263814846675,TRUE,FALSE,36,0,"existing",NA,"rep_0040_fit_mse.rds"
"ou","rate_state",40,1040,1000120,3529,4.76468875010808,TRUE,FALSE,43,0,"existing",NA,"rep_0040_fit_rate_state.rds"
"ou","ou",41,1041,1000121,5394,7.83996121486028,TRUE,FALSE,42,0,"existing",NA,"rep_0041_fit_ou.rds"
"ou","mse",41,1041,1000122,5394,8.68257608413696,TRUE,FALSE,41,0,"existing",NA,"rep_0041_fit_mse.rds"
"ou","rate_state",41,1041,1000123,5394,10.9280103842417,TRUE,FALSE,54,0,"existing",NA,"rep_0041_fit_rate_state.rds"
"ou","ou",42,1042,1000124,1420,0.945501518249512,TRUE,FALSE,23,0,"existing",NA,"rep_0042_fit_ou.rds"
"ou","mse",42,1042,1000125,1420,0.360373616218567,TRUE,FALSE,7,0,"existing",NA,"rep_0042_fit_mse.rds"
"ou","rate_state",42,1042,1000126,1420,1.33294104735057,TRUE,FALSE,33,0,"existing",NA,"rep_0042_fit_rate_state.rds"
"ou","ou",43,1043,1000127,1887,1.2741959532102,TRUE,FALSE,24,0,"existing",NA,"rep_0043_fit_ou.rds"
"ou","mse",43,1043,1000128,1887,1.51866703033447,TRUE,FALSE,26,0,"existing",NA,"rep_0043_fit_mse.rds"
"ou","rate_state",43,1043,1000129,1887,2.69888248443604,TRUE,FALSE,53,0,"existing",NA,"rep_0043_fit_rate_state.rds"
"ou","ou",44,1044,1000130,1971,1.58185786803563,TRUE,FALSE,29,0,"existing",NA,"rep_0044_fit_ou.rds"
"ou","mse",44,1044,1000131,1971,0.41990453004837,TRUE,FALSE,6,0,"existing",NA,"rep_0044_fit_mse.rds"
"ou","rate_state",44,1044,1000132,1971,0.266150983174642,TRUE,FALSE,4,1,"existing",NA,"rep_0044_fit_rate_state.rds"
"ou","ou",45,1045,1000133,1943,1.33733559846878,TRUE,FALSE,25,0,"existing",NA,"rep_0045_fit_ou.rds"
"ou","mse",45,1045,1000134,1943,0.465953115622203,TRUE,FALSE,7,0,"existing",NA,"rep_0045_fit_mse.rds"
"ou","rate_state",45,1045,1000135,1943,5.17964566548665,FALSE,TRUE,100,1,"existing",NA,"rep_0045_fit_rate_state.rds"
"ou","ou",46,1046,1000136,2290,1.54939793348312,TRUE,FALSE,25,0,"existing",NA,"rep_0046_fit_ou.rds"
"ou","mse",46,1046,1000137,2290,1.76623836358388,TRUE,FALSE,25,0,"existing",NA,"rep_0046_fit_mse.rds"
"ou","rate_state",46,1046,1000138,2290,3.32050363222758,TRUE,FALSE,53,0,"existing",NA,"rep_0046_fit_rate_state.rds"
"ou","ou",47,1047,1000139,1287,0.911567016442617,TRUE,FALSE,23,0,"existing",NA,"rep_0047_fit_ou.rds"
"ou","mse",47,1047,1000140,1287,0.280889948209127,TRUE,FALSE,6,0,"existing",NA,"rep_0047_fit_mse.rds"
"ou","rate_state",47,1047,1000141,1287,0.35150158405304,TRUE,FALSE,8,1,"existing",NA,"rep_0047_fit_rate_state.rds"
"ou","ou",48,1048,1000142,1994,1.34294796784719,TRUE,FALSE,24,0,"existing",NA,"rep_0048_fit_ou.rds"
"ou","mse",48,1048,1000143,1994,0.425621382395426,TRUE,FALSE,6,0,"existing",NA,"rep_0048_fit_mse.rds"
"ou","rate_state",48,1048,1000144,1994,2.78898281653722,TRUE,FALSE,52,0,"existing",NA,"rep_0048_fit_rate_state.rds"
"ou","ou",49,1049,1000145,4325,4.74606071710587,TRUE,FALSE,36,0,"existing",NA,"rep_0049_fit_ou.rds"
"ou","mse",49,1049,1000146,4325,5.48446688254674,TRUE,FALSE,37,0,"existing",NA,"rep_0049_fit_mse.rds"
"ou","rate_state",49,1049,1000147,4325,5.44828377962112,TRUE,FALSE,38,0,"existing",NA,"rep_0049_fit_rate_state.rds"
"ou","ou",50,1050,1000148,3769,3.90234869718552,TRUE,FALSE,36,0,"existing",NA,"rep_0050_fit_ou.rds"
"ou","mse",50,1050,1000149,3769,4.93170598347982,TRUE,FALSE,39,0,"existing",NA,"rep_0050_fit_mse.rds"
"ou","rate_state",50,1050,1000150,3769,4.6018856326739,TRUE,FALSE,43,0,"existing",NA,"rep_0050_fit_rate_state.rds"
"ou","ou",51,1051,1000151,2898,2.5430588165919,TRUE,FALSE,32,0,"existing",NA,"rep_0051_fit_ou.rds"
"ou","mse",51,1051,1000152,2898,17.7339591145515,FALSE,TRUE,100,2,"existing",NA,"rep_0051_fit_mse.rds"
"ou","rate_state",51,1051,1000153,2898,0.779562131563822,TRUE,FALSE,8,1,"existing",NA,"rep_0051_fit_rate_state.rds"
"ou","ou",52,1052,1000154,3036,2.77254558404287,TRUE,FALSE,33,0,"existing",NA,"rep_0052_fit_ou.rds"
"ou","mse",52,1052,1000155,3036,3.24866166512171,TRUE,FALSE,33,0,"existing",NA,"rep_0052_fit_mse.rds"
"ou","rate_state",52,1052,1000156,3036,3.17673286596934,TRUE,FALSE,37,0,"existing",NA,"rep_0052_fit_rate_state.rds"
"ou","ou",53,1053,1000157,2764,2.67965354919434,TRUE,FALSE,34,0,"existing",NA,"rep_0053_fit_ou.rds"
"ou","mse",53,1053,1000158,2764,2.61746582984924,TRUE,FALSE,31,0,"existing",NA,"rep_0053_fit_mse.rds"
"ou","rate_state",53,1053,1000159,2764,0.468553368250529,TRUE,FALSE,5,1,"existing",NA,"rep_0053_fit_rate_state.rds"
"ou","ou",54,1054,1000160,1890,1.31345396439234,TRUE,FALSE,24,0,"existing",NA,"rep_0054_fit_ou.rds"
"ou","mse",54,1054,1000161,1890,1.46858006715775,TRUE,FALSE,25,0,"existing",NA,"rep_0054_fit_mse.rds"
"ou","rate_state",54,1054,1000162,1890,3.48961786826452,TRUE,FALSE,67,1,"existing",NA,"rep_0054_fit_rate_state.rds"
"ou","ou",55,1055,1000163,2481,2.00290158192317,TRUE,FALSE,28,0,"existing",NA,"rep_0055_fit_ou.rds"
"ou","mse",55,1055,1000164,2481,0.47239488363266,TRUE,FALSE,5,0,"existing",NA,"rep_0055_fit_mse.rds"
"ou","rate_state",55,1055,1000165,2481,2.50101916790009,TRUE,FALSE,36,0,"existing",NA,"rep_0055_fit_rate_state.rds"
"ou","ou",56,1056,1000166,5205,6.6212780157725,TRUE,FALSE,38,0,"existing",NA,"rep_0056_fit_ou.rds"
"ou","mse",56,1056,1000167,5205,7.67384821573893,TRUE,FALSE,38,0,"existing",NA,"rep_0056_fit_mse.rds"
"ou","rate_state",56,1056,1000168,5205,2.93665879964828,TRUE,FALSE,15,1,"existing",NA,"rep_0056_fit_rate_state.rds"
"ou","ou",57,1057,1000169,1749,1.26593509912491,TRUE,FALSE,27,0,"existing",NA,"rep_0057_fit_ou.rds"
"ou","mse",57,1057,1000170,1749,0.371663065751394,TRUE,FALSE,6,0,"existing",NA,"rep_0057_fit_mse.rds"
"ou","rate_state",57,1057,1000171,1749,1.94964978297551,TRUE,FALSE,40,0,"existing",NA,"rep_0057_fit_rate_state.rds"
"ou","ou",58,1058,1000172,3120,2.56922663450241,TRUE,FALSE,28,0,"existing",NA,"rep_0058_fit_ou.rds"
"ou","mse",58,1058,1000173,3120,2.95243431727091,TRUE,FALSE,30,0,"existing",NA,"rep_0058_fit_mse.rds"
"ou","rate_state",58,1058,1000174,3120,8.84551538228989,FALSE,TRUE,100,1,"existing",NA,"rep_0058_fit_rate_state.rds"
"ou","ou",59,1059,1000175,2147,1.59145379861196,TRUE,FALSE,26,0,"existing",NA,"rep_0059_fit_ou.rds"
"ou","mse",59,1059,1000176,2147,2.32102771600087,TRUE,FALSE,34,0,"existing",NA,"rep_0059_fit_mse.rds"
"ou","rate_state",59,1059,1000177,2147,1.59441976547241,TRUE,FALSE,27,0,"existing",NA,"rep_0059_fit_rate_state.rds"
"ou","ou",60,1060,1000178,3681,3.28836164871852,TRUE,FALSE,32,0,"existing",NA,"rep_0060_fit_ou.rds"
"ou","mse",60,1060,1000179,3681,6.51129286686579,TRUE,FALSE,51,0,"existing",NA,"rep_0060_fit_mse.rds"
"ou","rate_state",60,1060,1000180,3681,10.5932889819145,TRUE,FALSE,70,1,"existing",NA,"rep_0060_fit_rate_state.rds"
"ou","ou",61,1061,1000181,5282,7.83128743569056,TRUE,FALSE,44,0,"existing",NA,"rep_0061_fit_ou.rds"
"ou","mse",61,1061,1000182,5282,8.5250616033872,TRUE,FALSE,41,0,"existing",NA,"rep_0061_fit_mse.rds"
"ou","rate_state",61,1061,1000183,5282,12.5771391987801,TRUE,FALSE,66,0,"existing",NA,"rep_0061_fit_rate_state.rds"
"ou","ou",62,1062,1000184,2255,1.56600066423416,TRUE,FALSE,26,0,"existing",NA,"rep_0062_fit_ou.rds"
"ou","mse",62,1062,1000185,2255,1.86272181669871,TRUE,FALSE,28,0,"existing",NA,"rep_0062_fit_mse.rds"
"ou","rate_state",62,1062,1000186,2255,2.08133169809977,TRUE,FALSE,34,0,"existing",NA,"rep_0062_fit_rate_state.rds"
"ou","ou",63,1063,1000187,2208,1.71483678420385,TRUE,FALSE,27,0,"existing",NA,"rep_0063_fit_ou.rds"
"ou","mse",63,1063,1000188,2208,1.99958816766739,TRUE,FALSE,29,0,"existing",NA,"rep_0063_fit_mse.rds"
"ou","rate_state",63,1063,1000189,2208,0.669687767823537,TRUE,FALSE,9,1,"existing",NA,"rep_0063_fit_rate_state.rds"
"ou","ou",64,1064,1000190,3329,3.35331411759059,TRUE,FALSE,35,0,"existing",NA,"rep_0064_fit_ou.rds"
"ou","mse",64,1064,1000191,3329,4.84003599882126,TRUE,FALSE,42,0,"existing",NA,"rep_0064_fit_mse.rds"
"ou","rate_state",64,1064,1000192,3329,8.46619808673859,TRUE,FALSE,81,0,"existing",NA,"rep_0064_fit_rate_state.rds"
"ou","ou",65,1065,1000193,1663,0.960109484195709,TRUE,FALSE,20,0,"existing",NA,"rep_0065_fit_ou.rds"
"ou","mse",65,1065,1000194,1663,0.35396188100179,TRUE,FALSE,6,0,"existing",NA,"rep_0065_fit_mse.rds"
"ou","rate_state",65,1065,1000195,1663,0.445272966225942,TRUE,FALSE,8,1,"existing",NA,"rep_0065_fit_rate_state.rds"
"ou","ou",66,1066,1000196,2208,1.90832645098368,TRUE,FALSE,30,0,"existing",NA,"rep_0066_fit_ou.rds"
"ou","mse",66,1066,1000197,2208,1.67662123441696,TRUE,FALSE,25,0,"existing",NA,"rep_0066_fit_mse.rds"
"ou","rate_state",66,1066,1000198,2208,0.530192748705546,TRUE,FALSE,7,1,"existing",NA,"rep_0066_fit_rate_state.rds"
"ou","ou",67,1067,1000199,2818,2.52167325019836,TRUE,FALSE,31,0,"existing",NA,"rep_0067_fit_ou.rds"
"ou","mse",67,1067,1000200,2818,2.47649183273315,TRUE,FALSE,28,0,"existing",NA,"rep_0067_fit_mse.rds"
"ou","rate_state",67,1067,1000201,2818,0.661036785443624,TRUE,FALSE,7,1,"existing",NA,"rep_0067_fit_rate_state.rds"
"ou","ou",68,1068,1000202,1472,0.791991583506266,TRUE,FALSE,19,0,"existing",NA,"rep_0068_fit_ou.rds"
"ou","mse",68,1068,1000203,1472,0.593856930732727,TRUE,FALSE,10,0,"existing",NA,"rep_0068_fit_mse.rds"
"ou","rate_state",68,1068,1000204,1472,5.39011618296305,FALSE,TRUE,100,1,"existing",NA,"rep_0068_fit_rate_state.rds"
"ou","ou",69,1069,1000205,1074,0.747380348046621,TRUE,FALSE,21,0,"existing",NA,"rep_0069_fit_ou.rds"
"ou","mse",69,1069,1000206,1074,0.296611734231313,TRUE,FALSE,7,0,"existing",NA,"rep_0069_fit_mse.rds"
"ou","rate_state",69,1069,1000207,1074,2.04508225123088,TRUE,FALSE,59,86,"existing",NA,"rep_0069_fit_rate_state.rds"
"ou","ou",70,1070,1000208,4219,4.6964718023936,TRUE,FALSE,36,0,"existing",NA,"rep_0070_fit_ou.rds"
"ou","mse",70,1070,1000209,4219,6.13772321542104,TRUE,FALSE,39,0,"existing",NA,"rep_0070_fit_mse.rds"
"ou","rate_state",70,1070,1000210,4219,5.73416533470154,TRUE,FALSE,39,0,"existing",NA,"rep_0070_fit_rate_state.rds"
"ou","ou",71,1071,1000211,1612,1.00345013141632,TRUE,FALSE,22,0,"existing",NA,"rep_0071_fit_ou.rds"
"ou","mse",71,1071,1000212,1612,1.10010338226954,TRUE,FALSE,22,0,"existing",NA,"rep_0071_fit_mse.rds"
"ou","rate_state",71,1071,1000213,1612,0.486863116423289,TRUE,FALSE,9,1,"existing",NA,"rep_0071_fit_rate_state.rds"
"ou","ou",72,1072,1000214,1703,1.0901513338089,TRUE,FALSE,22,0,"existing",NA,"rep_0072_fit_ou.rds"
"ou","mse",72,1072,1000215,1703,0.488020547231038,TRUE,FALSE,7,0,"existing",NA,"rep_0072_fit_mse.rds"
"ou","rate_state",72,1072,1000216,1703,2.05163566668828,TRUE,FALSE,43,0,"existing",NA,"rep_0072_fit_rate_state.rds"
"ou","ou",73,1073,1000217,2202,1.73902743260066,TRUE,FALSE,28,0,"existing",NA,"rep_0073_fit_ou.rds"
"ou","mse",73,1073,1000218,2202,0.417448385556539,TRUE,FALSE,5,0,"existing",NA,"rep_0073_fit_mse.rds"
"ou","rate_state",73,1073,1000219,2202,4.35839748382568,TRUE,FALSE,70,0,"existing",NA,"rep_0073_fit_rate_state.rds"
"ou","ou",74,1074,1000220,1788,1.28139849901199,TRUE,FALSE,25,0,"existing",NA,"rep_0074_fit_ou.rds"
"ou","mse",74,1074,1000221,1788,1.69114076693853,TRUE,FALSE,30,0,"existing",NA,"rep_0074_fit_mse.rds"
"ou","rate_state",74,1074,1000222,1788,0.465306417147319,TRUE,FALSE,8,1,"existing",NA,"rep_0074_fit_rate_state.rds"
"ou","ou",75,1075,1000223,6199,9.42329794963201,TRUE,FALSE,42,0,"existing",NA,"rep_0075_fit_ou.rds"
"ou","mse",75,1075,1000224,6199,61.3602360010147,FALSE,TRUE,100,1,"existing",NA,"rep_0075_fit_mse.rds"
"ou","rate_state",75,1075,1000225,6199,9.82502533594767,TRUE,FALSE,44,0,"existing",NA,"rep_0075_fit_rate_state.rds"
"ou","ou",76,1076,1000226,2574,2.09505366484324,TRUE,FALSE,30,0,"existing",NA,"rep_0076_fit_ou.rds"
"ou","mse",76,1076,1000227,2574,0.871833582719167,TRUE,FALSE,9,0,"existing",NA,"rep_0076_fit_mse.rds"
"ou","rate_state",76,1076,1000228,2574,6.5786326845487,TRUE,FALSE,95,0,"existing",NA,"rep_0076_fit_rate_state.rds"
"ou","ou",77,1077,1000229,1800,1.30294361909231,TRUE,FALSE,26,0,"existing",NA,"rep_0077_fit_ou.rds"
"ou","mse",77,1077,1000230,1800,1.49177033106486,TRUE,FALSE,28,0,"existing",NA,"rep_0077_fit_mse.rds"
"ou","rate_state",77,1077,1000231,1800,1.45472385088603,TRUE,FALSE,30,0,"existing",NA,"rep_0077_fit_rate_state.rds"
"ou","ou",78,1078,1000232,6934,13.1390380183856,TRUE,FALSE,48,0,"existing",NA,"rep_0078_fit_ou.rds"
"ou","mse",78,1078,1000233,6934,10.2384027004242,TRUE,FALSE,31,0,"existing",NA,"rep_0078_fit_mse.rds"
"ou","rate_state",78,1078,1000234,6934,17.0802864511808,TRUE,FALSE,56,0,"existing",NA,"rep_0078_fit_rate_state.rds"
"ou","ou",79,1079,1000235,1138,0.739107048511505,TRUE,FALSE,20,0,"existing",NA,"rep_0079_fit_ou.rds"
"ou","mse",79,1079,1000236,1138,0.525594798723857,TRUE,FALSE,10,0,"existing",NA,"rep_0079_fit_mse.rds"
"ou","rate_state",79,1079,1000237,1138,0.328261748949687,TRUE,FALSE,8,1,"existing",NA,"rep_0079_fit_rate_state.rds"
"ou","ou",80,1080,1000238,2221,1.54794003168742,TRUE,FALSE,24,0,"existing",NA,"rep_0080_fit_ou.rds"
"ou","mse",80,1080,1000239,2221,7.03627718289693,FALSE,TRUE,100,0,"existing",NA,"rep_0080_fit_mse.rds"
"ou","rate_state",80,1080,1000240,2221,2.12193913062414,TRUE,FALSE,36,0,"existing",NA,"rep_0080_fit_rate_state.rds"
"ou","ou",81,1081,1000241,1865,1.26738256613413,TRUE,FALSE,24,0,"existing",NA,"rep_0081_fit_ou.rds"
"ou","mse",81,1081,1000242,1865,1.58909068504969,TRUE,FALSE,27,0,"existing",NA,"rep_0081_fit_mse.rds"
"ou","rate_state",81,1081,1000243,1865,2.3158175667127,TRUE,FALSE,45,0,"existing",NA,"rep_0081_fit_rate_state.rds"
"ou","ou",82,1082,1000244,3552,3.78322798013687,TRUE,FALSE,36,0,"existing",NA,"rep_0082_fit_ou.rds"
"ou","mse",82,1082,1000245,3552,4.49238358338674,TRUE,FALSE,37,0,"existing",NA,"rep_0082_fit_mse.rds"
"ou","rate_state",82,1082,1000246,3552,1.19323566754659,TRUE,FALSE,10,1,"existing",NA,"rep_0082_fit_rate_state.rds"
"ou","ou",83,1083,1000247,3750,3.84362733364105,TRUE,FALSE,34,0,"existing",NA,"rep_0083_fit_ou.rds"
"ou","mse",83,1083,1000248,3750,4.30464371442795,TRUE,FALSE,34,0,"existing",NA,"rep_0083_fit_mse.rds"
"ou","rate_state",83,1083,1000249,3750,2.78784243663152,TRUE,FALSE,20,1,"existing",NA,"rep_0083_fit_rate_state.rds"
"ou","ou",84,1084,1000250,2343,1.80704868237178,TRUE,FALSE,27,0,"existing",NA,"rep_0084_fit_ou.rds"
"ou","mse",84,1084,1000251,2343,2.26875824928284,TRUE,FALSE,30,0,"existing",NA,"rep_0084_fit_mse.rds"
"ou","rate_state",84,1084,1000252,2343,0.651766447226206,TRUE,FALSE,8,1,"existing",NA,"rep_0084_fit_rate_state.rds"
"ou","ou",85,1085,1000253,2815,2.83470201889674,TRUE,FALSE,35,0,"existing",NA,"rep_0085_fit_ou.rds"
"ou","mse",85,1085,1000254,2815,2.73817126750946,TRUE,FALSE,31,0,"existing",NA,"rep_0085_fit_mse.rds"
"ou","rate_state",85,1085,1000255,2815,0.493747897942861,TRUE,FALSE,5,1,"existing",NA,"rep_0085_fit_rate_state.rds"
"ou","ou",86,1086,1000256,2478,2.26162221829096,TRUE,FALSE,32,0,"existing",NA,"rep_0086_fit_ou.rds"
"ou","mse",86,1086,1000257,2478,0.729506933689117,TRUE,FALSE,8,0,"existing",NA,"rep_0086_fit_mse.rds"
"ou","rate_state",86,1086,1000258,2478,2.12567035357157,TRUE,FALSE,30,0,"existing",NA,"rep_0086_fit_rate_state.rds"
"ou","ou",87,1087,1000259,3578,4.0121350646019,TRUE,FALSE,38,0,"existing",NA,"rep_0087_fit_ou.rds"
"ou","mse",87,1087,1000260,3578,24.6654900828997,FALSE,TRUE,100,1,"existing",NA,"rep_0087_fit_mse.rds"
"ou","rate_state",87,1087,1000261,3578,2.05677693287532,TRUE,FALSE,18,1,"existing",NA,"rep_0087_fit_rate_state.rds"
"ou","ou",88,1088,1000262,2792,2.35807560284932,TRUE,FALSE,29,0,"existing",NA,"rep_0088_fit_ou.rds"
"ou","mse",88,1088,1000263,2792,2.4857630332311,TRUE,FALSE,28,0,"existing",NA,"rep_0088_fit_mse.rds"
"ou","rate_state",88,1088,1000264,2792,0.858226084709168,TRUE,FALSE,9,1,"existing",NA,"rep_0088_fit_rate_state.rds"
"ou","ou",89,1089,1000265,1546,1.1154971520106,TRUE,FALSE,24,0,"existing",NA,"rep_0089_fit_ou.rds"
"ou","mse",89,1089,1000266,1546,1.22201751470566,TRUE,FALSE,25,0,"existing",NA,"rep_0089_fit_mse.rds"
"ou","rate_state",89,1089,1000267,1546,0.277182833353678,TRUE,FALSE,5,1,"existing",NA,"rep_0089_fit_rate_state.rds"
"ou","ou",90,1090,1000268,2949,2.4163835644722,TRUE,FALSE,28,0,"existing",NA,"rep_0090_fit_ou.rds"
"ou","mse",90,1090,1000269,2949,2.80454411506653,TRUE,FALSE,30,0,"existing",NA,"rep_0090_fit_mse.rds"
"ou","rate_state",90,1090,1000270,2949,3.22557198206584,TRUE,FALSE,38,0,"existing",NA,"rep_0090_fit_rate_state.rds"
"ou","ou",91,1091,1000271,1799,1.1469290137291,TRUE,FALSE,23,0,"existing",NA,"rep_0091_fit_ou.rds"
"ou","mse",91,1091,1000272,1799,1.57782258192698,TRUE,FALSE,28,0,"existing",NA,"rep_0091_fit_mse.rds"
"ou","rate_state",91,1091,1000273,1799,0.89994238615036,TRUE,FALSE,15,1,"existing",NA,"rep_0091_fit_rate_state.rds"
"ou","ou",92,1092,1000274,5765,7.63321774800619,TRUE,FALSE,37,0,"existing",NA,"rep_0092_fit_ou.rds"
"ou","mse",92,1092,1000275,5765,8.90257808367411,TRUE,FALSE,36,1,"existing",NA,"rep_0092_fit_mse.rds"
"ou","rate_state",92,1092,1000276,5765,20.2310744484266,FALSE,TRUE,100,1,"existing",NA,"rep_0092_fit_rate_state.rds"
"ou","ou",93,1093,1000277,2887,2.54200346867243,TRUE,FALSE,33,0,"existing",NA,"rep_0093_fit_ou.rds"
"ou","mse",93,1093,1000278,2887,3.48330558141073,TRUE,FALSE,39,0,"existing",NA,"rep_0093_fit_mse.rds"
"ou","rate_state",93,1093,1000279,2887,2.89653270244598,TRUE,FALSE,37,0,"existing",NA,"rep_0093_fit_rate_state.rds"
"ou","ou",94,1094,1000280,3157,2.64659758408864,TRUE,FALSE,29,0,"existing",NA,"rep_0094_fit_ou.rds"
"ou","mse",94,1094,1000281,3157,3.36750669876734,TRUE,FALSE,31,0,"existing",NA,"rep_0094_fit_mse.rds"
"ou","rate_state",94,1094,1000282,3157,3.16170448064804,TRUE,FALSE,28,1,"existing",NA,"rep_0094_fit_rate_state.rds"
"ou","ou",95,1095,1000283,2279,1.81360508600871,TRUE,FALSE,28,0,"existing",NA,"rep_0095_fit_ou.rds"
"ou","mse",95,1095,1000284,2279,1.94830078283946,TRUE,FALSE,28,0,"existing",NA,"rep_0095_fit_mse.rds"
"ou","rate_state",95,1095,1000285,2279,6.20937198003133,FALSE,TRUE,100,1,"existing",NA,"rep_0095_fit_rate_state.rds"
"ou","ou",96,1096,1000286,2004,1.6759219010671,TRUE,FALSE,28,0,"existing",NA,"rep_0096_fit_ou.rds"
"ou","mse",96,1096,1000287,2004,1.82290296554565,TRUE,FALSE,29,0,"existing",NA,"rep_0096_fit_mse.rds"
"ou","rate_state",96,1096,1000288,2004,0.552114033699036,TRUE,FALSE,8,1,"existing",NA,"rep_0096_fit_rate_state.rds"
"ou","ou",97,1097,1000289,2130,1.44561591545741,TRUE,FALSE,24,0,"existing",NA,"rep_0097_fit_ou.rds"
"ou","mse",97,1097,1000290,2130,8.6839446981748,FALSE,TRUE,100,0,"existing",NA,"rep_0097_fit_mse.rds"
"ou","rate_state",97,1097,1000291,2130,0.55689773162206,TRUE,FALSE,8,1,"existing",NA,"rep_0097_fit_rate_state.rds"
"ou","ou",98,1098,1000292,2681,2.14476728439331,TRUE,FALSE,28,0,"existing",NA,"rep_0098_fit_ou.rds"
"ou","mse",98,1098,1000293,2681,2.28684964974721,TRUE,FALSE,28,0,"existing",NA,"rep_0098_fit_mse.rds"
"ou","rate_state",98,1098,1000294,2681,0.751088400681814,TRUE,FALSE,8,1,"existing",NA,"rep_0098_fit_rate_state.rds"
"ou","ou",99,1099,1000295,2374,1.72755424976349,TRUE,FALSE,25,0,"existing",NA,"rep_0099_fit_ou.rds"
"ou","mse",99,1099,1000296,2374,1.94143228530884,TRUE,FALSE,26,0,"existing",NA,"rep_0099_fit_mse.rds"
"ou","rate_state",99,1099,1000297,2374,0.401833649476369,TRUE,FALSE,5,1,"existing",NA,"rep_0099_fit_rate_state.rds"
"ou","ou",100,1100,1000298,1610,1.02139386733373,TRUE,FALSE,21,0,"existing",NA,"rep_0100_fit_ou.rds"
"ou","mse",100,1100,1000299,1610,0.608327714602153,TRUE,FALSE,9,0,"existing",NA,"rep_0100_fit_mse.rds"
"ou","rate_state",100,1100,1000300,1610,0.282582763830821,TRUE,FALSE,5,1,"existing",NA,"rep_0100_fit_rate_state.rds"
"mse","ou",1,2001,1000301,2175,1.85588881572088,TRUE,FALSE,29,0,"existing",NA,"rep_0001_fit_ou.rds"
"mse","mse",1,2001,1000302,2175,10.8901325503985,FALSE,TRUE,100,0,"existing",NA,"rep_0001_fit_mse.rds"
"mse","rate_state",1,2001,1000303,2175,0.447767964998881,TRUE,FALSE,6,1,"existing",NA,"rep_0001_fit_rate_state.rds"
"mse","ou",2,2002,1000304,1916,1.37662864923477,TRUE,FALSE,25,0,"existing",NA,"rep_0002_fit_ou.rds"
"mse","mse",2,2002,1000305,1916,0.469848585128784,TRUE,FALSE,7,0,"existing",NA,"rep_0002_fit_mse.rds"
"mse","rate_state",2,2002,1000306,1916,5.78846555153529,FALSE,TRUE,100,0,"existing",NA,"rep_0002_fit_rate_state.rds"
"mse","ou",3,2003,1000307,1569,0.95104280312856,TRUE,FALSE,21,0,"existing",NA,"rep_0003_fit_ou.rds"
"mse","mse",3,2003,1000308,1569,0.389997998873393,TRUE,FALSE,7,0,"existing",NA,"rep_0003_fit_mse.rds"
"mse","rate_state",3,2003,1000309,1569,0.310850667953491,TRUE,FALSE,6,1,"existing",NA,"rep_0003_fit_rate_state.rds"
"mse","ou",4,2004,1000310,4177,6.05854643583298,TRUE,FALSE,47,0,"existing",NA,"rep_0004_fit_ou.rds"
"mse","mse",4,2004,1000311,4177,5.59466565052668,TRUE,FALSE,36,0,"existing",NA,"rep_0004_fit_mse.rds"
"mse","rate_state",4,2004,1000312,4177,14.0212233185768,TRUE,FALSE,93,1,"existing",NA,"rep_0004_fit_rate_state.rds"
"mse","ou",5,2005,1000313,1619,1.1038763999939,TRUE,FALSE,24,0,"existing",NA,"rep_0005_fit_ou.rds"
"mse","mse",5,2005,1000314,1619,1.46172715028127,TRUE,FALSE,30,0,"existing",NA,"rep_0005_fit_mse.rds"
"mse","rate_state",5,2005,1000315,1619,0.440185101826986,TRUE,FALSE,8,1,"existing",NA,"rep_0005_fit_rate_state.rds"
"mse","ou",6,2006,1000316,2635,2.39255574941635,TRUE,FALSE,33,0,"existing",NA,"rep_0006_fit_ou.rds"
"mse","mse",6,2006,1000317,2635,0.679375982284546,TRUE,FALSE,7,0,"existing",NA,"rep_0006_fit_mse.rds"
"mse","rate_state",6,2006,1000318,2635,0.46982646783193,TRUE,FALSE,5,1,"existing",NA,"rep_0006_fit_rate_state.rds"
"mse","ou",7,2007,1000319,2266,1.98929976622264,TRUE,FALSE,30,0,"existing",NA,"rep_0007_fit_ou.rds"
"mse","mse",7,2007,1000320,2266,0.575123083591461,TRUE,FALSE,7,0,"existing",NA,"rep_0007_fit_mse.rds"
"mse","rate_state",7,2007,1000321,2266,1.45808875163396,TRUE,FALSE,16,1,"existing",NA,"rep_0007_fit_rate_state.rds"
"mse","ou",8,2008,1000322,2024,1.47898550033569,TRUE,FALSE,26,0,"existing",NA,"rep_0008_fit_ou.rds"
"mse","mse",8,2008,1000323,2024,0.481411751111348,TRUE,FALSE,7,0,"existing",NA,"rep_0008_fit_mse.rds"
"mse","rate_state",8,2008,1000324,2024,6.71046013434728,FALSE,TRUE,100,2,"existing",NA,"rep_0008_fit_rate_state.rds"
"mse","ou",9,2009,1000325,2017,1.5824627161026,TRUE,FALSE,29,0,"existing",NA,"rep_0009_fit_ou.rds"
"mse","mse",9,2009,1000326,2017,0.492017316818237,TRUE,FALSE,7,0,"existing",NA,"rep_0009_fit_mse.rds"
"mse","rate_state",9,2009,1000327,2017,1.01188583374023,TRUE,FALSE,16,1,"existing",NA,"rep_0009_fit_rate_state.rds"
"mse","ou",10,2010,1000328,3120,3.57239281733831,TRUE,FALSE,40,0,"existing",NA,"rep_0010_fit_ou.rds"
"mse","mse",10,2010,1000329,3120,3.61119478543599,TRUE,FALSE,32,0,"existing",NA,"rep_0010_fit_mse.rds"
"mse","rate_state",10,2010,1000330,3120,11.0932071328163,FALSE,TRUE,100,1,"existing",NA,"rep_0010_fit_rate_state.rds"
"mse","ou",11,2011,1000331,1394,0.945853849252065,TRUE,FALSE,25,0,"existing",NA,"rep_0011_fit_ou.rds"
"mse","mse",11,2011,1000332,1394,0.688894200325012,TRUE,FALSE,13,0,"existing",NA,"rep_0011_fit_mse.rds"
"mse","rate_state",11,2011,1000333,1394,4.9432311852773,FALSE,TRUE,100,8643,"existing",NA,"rep_0011_fit_rate_state.rds"
"mse","ou",12,2012,1000334,3899,5.51166265010834,TRUE,FALSE,46,0,"existing",NA,"rep_0012_fit_ou.rds"
"mse","mse",12,2012,1000335,3899,5.59346278508504,TRUE,FALSE,39,0,"existing",NA,"rep_0012_fit_mse.rds"
"mse","rate_state",12,2012,1000336,3899,16.0780939181646,FALSE,TRUE,100,1,"existing",NA,"rep_0012_fit_rate_state.rds"
"mse","ou",13,2013,1000337,1536,1.08707556724548,TRUE,FALSE,24,0,"existing",NA,"rep_0013_fit_ou.rds"
"mse","mse",13,2013,1000338,1536,0.397308401266734,TRUE,FALSE,7,0,"existing",NA,"rep_0013_fit_mse.rds"
"mse","rate_state",13,2013,1000339,1536,0.425338164965312,TRUE,FALSE,8,1,"existing",NA,"rep_0013_fit_rate_state.rds"
"mse","ou",14,2014,1000340,1719,1.40815923213959,TRUE,FALSE,28,0,"existing",NA,"rep_0014_fit_ou.rds"
"mse","mse",14,2014,1000341,1719,0.424429980913798,TRUE,FALSE,7,0,"existing",NA,"rep_0014_fit_mse.rds"
"mse","rate_state",14,2014,1000342,1719,6.49754969676336,FALSE,TRUE,100,1,"existing",NA,"rep_0014_fit_rate_state.rds"
"mse","ou",15,2015,1000343,1908,1.43873755137126,TRUE,FALSE,27,0,"existing",NA,"rep_0015_fit_ou.rds"
"mse","mse",15,2015,1000344,1908,0.48426548242569,TRUE,FALSE,7,0,"existing",NA,"rep_0015_fit_mse.rds"
"mse","rate_state",15,2015,1000345,1908,0.509101784229279,TRUE,FALSE,8,1,"existing",NA,"rep_0015_fit_rate_state.rds"
"mse","ou",16,2016,1000346,3759,4.99884140094121,TRUE,FALSE,45,0,"existing",NA,"rep_0016_fit_ou.rds"
"mse","mse",16,2016,1000347,3759,5.45407481590907,TRUE,FALSE,45,0,"existing",NA,"rep_0016_fit_mse.rds"
"mse","rate_state",16,2016,1000348,3759,13.7935875693957,FALSE,TRUE,100,7331,"existing",NA,"rep_0016_fit_rate_state.rds"
"mse","ou",17,2017,1000349,3869,4.8581094344457,TRUE,FALSE,41,0,"existing",NA,"rep_0017_fit_ou.rds"
"mse","mse",17,2017,1000350,3869,5.76513489882151,TRUE,FALSE,41,0,"existing",NA,"rep_0017_fit_mse.rds"
"mse","rate_state",17,2017,1000351,3869,9.87046953439713,TRUE,FALSE,65,1,"existing",NA,"rep_0017_fit_rate_state.rds"
"mse","ou",18,2018,1000352,3568,3.75718041658401,TRUE,FALSE,35,0,"existing",NA,"rep_0018_fit_ou.rds"
"mse","mse",18,2018,1000353,3568,3.9275698184967,TRUE,FALSE,36,0,"existing",NA,"rep_0018_fit_mse.rds"
"mse","rate_state",18,2018,1000354,3568,12.5484202663104,FALSE,TRUE,100,0,"existing",NA,"rep_0018_fit_rate_state.rds"
"mse","ou",19,2019,1000355,3592,4.63344138463338,TRUE,FALSE,45,0,"existing",NA,"rep_0019_fit_ou.rds"
"mse","mse",19,2019,1000356,3592,5.13019426663717,TRUE,FALSE,46,0,"existing",NA,"rep_0019_fit_mse.rds"
"mse","rate_state",19,2019,1000357,3592,14.919345565637,FALSE,TRUE,100,1,"existing",NA,"rep_0019_fit_rate_state.rds"
"mse","ou",20,2020,1000358,2132,1.41657298008601,TRUE,FALSE,24,0,"existing",NA,"rep_0020_fit_ou.rds"
"mse","mse",20,2020,1000359,2132,8.49604399998983,FALSE,TRUE,100,0,"existing",NA,"rep_0020_fit_mse.rds"
"mse","rate_state",20,2020,1000360,2132,0.418118230501811,TRUE,FALSE,6,1,"existing",NA,"rep_0020_fit_rate_state.rds"
"mse","ou",21,2021,1000361,3866,4.88167838255564,TRUE,FALSE,41,0,"existing",NA,"rep_0021_fit_ou.rds"
"mse","mse",21,2021,1000362,3866,5.94405194918315,TRUE,FALSE,43,0,"existing",NA,"rep_0021_fit_mse.rds"
"mse","rate_state",21,2021,1000363,3866,13.0278094172478,FALSE,TRUE,100,1,"existing",NA,"rep_0021_fit_rate_state.rds"
"mse","ou",22,2022,1000364,3743,4.5347669005394,TRUE,FALSE,40,0,"existing",NA,"rep_0022_fit_ou.rds"
"mse","mse",22,2022,1000365,3743,4.04745463132858,TRUE,FALSE,27,0,"existing",NA,"rep_0022_fit_mse.rds"
"mse","rate_state",22,2022,1000366,3743,14.055849635601,FALSE,TRUE,100,0,"existing",NA,"rep_0022_fit_rate_state.rds"
"mse","ou",23,2023,1000367,1928,1.26795176664988,TRUE,FALSE,25,0,"existing",NA,"rep_0023_fit_ou.rds"
"mse","mse",23,2023,1000368,1928,0.473607416947683,TRUE,FALSE,7,0,"existing",NA,"rep_0023_fit_mse.rds"
"mse","rate_state",23,2023,1000369,1928,5.57746821641922,FALSE,TRUE,100,1,"existing",NA,"rep_0023_fit_rate_state.rds"
"mse","ou",24,2024,1000370,1555,0.864985581239065,TRUE,FALSE,21,0,"existing",NA,"rep_0024_fit_ou.rds"
"mse","mse",24,2024,1000371,1555,0.362661763032277,TRUE,FALSE,7,0,"existing",NA,"rep_0024_fit_mse.rds"
"mse","rate_state",24,2024,1000372,1555,4.3996670683225,FALSE,TRUE,100,2954,"existing",NA,"rep_0024_fit_rate_state.rds"
"mse","ou",25,2025,1000373,2216,2.23433936436971,TRUE,FALSE,38,0,"existing",NA,"rep_0025_fit_ou.rds"
"mse","mse",25,2025,1000374,2216,0.612524382273356,TRUE,FALSE,7,0,"existing",NA,"rep_0025_fit_mse.rds"
"mse","rate_state",25,2025,1000375,2216,0.357022281487783,TRUE,FALSE,5,1,"existing",NA,"rep_0025_fit_rate_state.rds"
"mse","ou",26,2026,1000376,1527,0.929609433809916,TRUE,FALSE,23,0,"existing",NA,"rep_0026_fit_ou.rds"
"mse","mse",26,2026,1000377,1527,1.28739310105642,TRUE,FALSE,29,0,"existing",NA,"rep_0026_fit_mse.rds"
"mse","rate_state",26,2026,1000378,1527,3.18146453301112,TRUE,FALSE,58,1,"existing",NA,"rep_0026_fit_rate_state.rds"
"mse","ou",27,2027,1000379,5027,8.91753026644389,TRUE,FALSE,54,0,"existing",NA,"rep_0027_fit_ou.rds"
"mse","mse",27,2027,1000380,5027,8.72330393393834,TRUE,FALSE,44,0,"existing",NA,"rep_0027_fit_mse.rds"
"mse","rate_state",27,2027,1000381,5027,20.8487962166468,FALSE,TRUE,100,0,"existing",NA,"rep_0027_fit_rate_state.rds"
"mse","ou",28,2028,1000382,1942,1.43924666643143,TRUE,FALSE,27,0,"existing",NA,"rep_0028_fit_ou.rds"
"mse","mse",28,2028,1000383,1942,0.473332118988037,TRUE,FALSE,7,0,"existing",NA,"rep_0028_fit_mse.rds"
"mse","rate_state",28,2028,1000384,1942,7.05526596705119,FALSE,TRUE,100,9442,"existing",NA,"rep_0028_fit_rate_state.rds"
"mse","ou",29,2029,1000385,1601,1.15668330192566,TRUE,FALSE,24,0,"existing",NA,"rep_0029_fit_ou.rds"
"mse","mse",29,2029,1000386,1601,6.41835893392563,FALSE,TRUE,100,0,"existing",NA,"rep_0029_fit_mse.rds"
"mse","rate_state",29,2029,1000387,1601,0.358580418427785,TRUE,FALSE,7,1,"existing",NA,"rep_0029_fit_rate_state.rds"
"mse","ou",30,2030,1000388,1463,1.00702966849009,TRUE,FALSE,24,0,"existing",NA,"rep_0030_fit_ou.rds"
"mse","mse",30,2030,1000389,1463,2.52230184872945,TRUE,FALSE,35,0,"existing",NA,"rep_0030_fit_mse.rds"
"mse","rate_state",30,2030,1000390,1463,0.850054081281026,TRUE,FALSE,14,1,"existing",NA,"rep_0030_fit_rate_state.rds"
"mse","ou",31,2031,1000391,1101,0.735316916306814,TRUE,FALSE,21,0,"existing",NA,"rep_0031_fit_ou.rds"
"mse","mse",31,2031,1000392,1101,1.21964205106099,TRUE,FALSE,27,77,"existing",NA,"rep_0031_fit_mse.rds"
"mse","rate_state",31,2031,1000393,1101,4.555994784832,FALSE,TRUE,100,3156,"existing",NA,"rep_0031_fit_rate_state.rds"
"mse","ou",32,2032,1000394,1977,1.55875723361969,TRUE,FALSE,28,0,"existing",NA,"rep_0032_fit_ou.rds"
"mse","mse",32,2032,1000395,1977,0.491619181632996,TRUE,FALSE,7,0,"existing",NA,"rep_0032_fit_mse.rds"
"mse","rate_state",32,2032,1000396,1977,7.344284816583,FALSE,TRUE,100,1,"existing",NA,"rep_0032_fit_rate_state.rds"
"mse","ou",33,2033,1000397,1955,1.29122324784597,TRUE,FALSE,24,0,"existing",NA,"rep_0033_fit_ou.rds"
"mse","mse",33,2033,1000398,1955,0.479208552837372,TRUE,FALSE,7,0,"existing",NA,"rep_0033_fit_mse.rds"
"mse","rate_state",33,2033,1000399,1955,5.63885505199432,FALSE,TRUE,100,0,"existing",NA,"rep_0033_fit_rate_state.rds"
"mse","ou",34,2034,1000400,3604,4.13573041756948,TRUE,FALSE,40,0,"existing",NA,"rep_0034_fit_ou.rds"
"mse","mse",34,2034,1000401,3604,3.61078878243764,TRUE,FALSE,31,0,"existing",NA,"rep_0034_fit_mse.rds"
"mse","rate_state",34,2034,1000402,3604,11.6420138001442,FALSE,TRUE,100,0,"existing",NA,"rep_0034_fit_rate_state.rds"
"mse","ou",35,2035,1000403,2277,2.24058868487676,TRUE,FALSE,35,0,"existing",NA,"rep_0035_fit_ou.rds"
"mse","mse",35,2035,1000404,2277,0.711724750200907,TRUE,FALSE,8,0,"existing",NA,"rep_0035_fit_mse.rds"
"mse","rate_state",35,2035,1000405,2277,1.61328678131104,TRUE,FALSE,21,1,"existing",NA,"rep_0035_fit_rate_state.rds"
"mse","ou",36,2036,1000406,1968,1.43142946958542,TRUE,FALSE,26,0,"existing",NA,"rep_0036_fit_ou.rds"
"mse","mse",36,2036,1000407,1968,0.486203984419505,TRUE,FALSE,7,0,"existing",NA,"rep_0036_fit_mse.rds"
"mse","rate_state",36,2036,1000408,1968,6.83612146377564,FALSE,TRUE,100,5728,"existing",NA,"rep_0036_fit_rate_state.rds"
"mse","ou",37,2037,1000409,1403,0.834306999047597,TRUE,FALSE,21,0,"existing",NA,"rep_0037_fit_ou.rds"
"mse","mse",37,2037,1000410,1403,0.535304435094198,TRUE,FALSE,9,0,"existing",NA,"rep_0037_fit_mse.rds"
"mse","rate_state",37,2037,1000411,1403,2.94932134946187,TRUE,FALSE,59,1,"existing",NA,"rep_0037_fit_rate_state.rds"
"mse","ou",38,2038,1000412,4621,8.06743928194046,TRUE,FALSE,52,0,"existing",NA,"rep_0038_fit_ou.rds"
"mse","mse",38,2038,1000413,4621,8.40360774993897,TRUE,FALSE,46,0,"existing",NA,"rep_0038_fit_mse.rds"
"mse","rate_state",38,2038,1000414,4621,17.3417153159777,FALSE,TRUE,100,4472,"existing",NA,"rep_0038_fit_rate_state.rds"
"mse","ou",39,2039,1000415,2548,2.20785088539124,TRUE,FALSE,31,0,"existing",NA,"rep_0039_fit_ou.rds"
"mse","mse",39,2039,1000416,2548,1.51264428297679,TRUE,FALSE,13,0,"existing",NA,"rep_0039_fit_mse.rds"
"mse","rate_state",39,2039,1000417,2548,6.33697144985199,TRUE,FALSE,76,1,"existing",NA,"rep_0039_fit_rate_state.rds"
"mse","ou",40,2040,1000418,3313,5.01618791421255,TRUE,FALSE,51,0,"existing",NA,"rep_0040_fit_ou.rds"
"mse","mse",40,2040,1000419,3313,4.8206130862236,TRUE,FALSE,45,0,"existing",NA,"rep_0040_fit_mse.rds"
"mse","rate_state",40,2040,1000420,3313,13.2652533650398,FALSE,TRUE,100,14120,"existing",NA,"rep_0040_fit_rate_state.rds"
"mse","ou",41,2041,1000421,2571,2.7950257341067,TRUE,FALSE,38,0,"existing",NA,"rep_0041_fit_ou.rds"
"mse","mse",41,2041,1000422,2571,0.640288368860881,TRUE,FALSE,7,0,"existing",NA,"rep_0041_fit_mse.rds"
"mse","rate_state",41,2041,1000423,2571,8.15628689924876,FALSE,TRUE,100,0,"existing",NA,"rep_0041_fit_rate_state.rds"
"mse","ou",42,2042,1000424,3355,4.05345216592153,TRUE,FALSE,40,0,"existing",NA,"rep_0042_fit_ou.rds"
"mse","mse",42,2042,1000425,3355,3.90630041758219,TRUE,FALSE,33,0,"existing",NA,"rep_0042_fit_mse.rds"
"mse","rate_state",42,2042,1000426,3355,14.2178007324537,FALSE,TRUE,100,6512,"existing",NA,"rep_0042_fit_rate_state.rds"
"mse","ou",43,2043,1000427,2260,1.66545078357061,TRUE,FALSE,26,0,"existing",NA,"rep_0043_fit_ou.rds"
"mse","mse",43,2043,1000428,2260,0.567160097757975,TRUE,FALSE,7,0,"existing",NA,"rep_0043_fit_mse.rds"
"mse","rate_state",43,2043,1000429,2260,6.67852458159129,FALSE,TRUE,100,0,"existing",NA,"rep_0043_fit_rate_state.rds"
"mse","ou",44,2044,1000430,2638,2.57125013271968,TRUE,FALSE,35,0,"existing",NA,"rep_0044_fit_ou.rds"
"mse","mse",44,2044,1000431,2638,0.673538700739543,TRUE,FALSE,7,0,"existing",NA,"rep_0044_fit_mse.rds"
"mse","rate_state",44,2044,1000432,2638,9.43209101756414,FALSE,TRUE,100,5190,"existing",NA,"rep_0044_fit_rate_state.rds"
"mse","ou",45,2045,1000433,3490,3.7316296339035,TRUE,FALSE,38,0,"existing",NA,"rep_0045_fit_ou.rds"
"mse","mse",45,2045,1000434,3490,4.02715606689453,TRUE,FALSE,34,0,"existing",NA,"rep_0045_fit_mse.rds"
"mse","rate_state",45,2045,1000435,3490,0.850896334648132,TRUE,FALSE,6,1,"existing",NA,"rep_0045_fit_rate_state.rds"
"mse","ou",46,2046,1000436,4203,6.6279680331548,TRUE,FALSE,51,0,"existing",NA,"rep_0046_fit_ou.rds"
"mse","mse",46,2046,1000437,4203,6.61295521656672,TRUE,FALSE,41,0,"existing",NA,"rep_0046_fit_mse.rds"
"mse","rate_state",46,2046,1000438,4203,15.1081216176351,FALSE,TRUE,100,4039,"existing",NA,"rep_0046_fit_rate_state.rds"
"mse","ou",47,2047,1000439,1576,1.03682334820429,TRUE,FALSE,23,0,"existing",NA,"rep_0047_fit_ou.rds"
"mse","mse",47,2047,1000440,1576,0.401632583141327,TRUE,FALSE,7,0,"existing",NA,"rep_0047_fit_mse.rds"
"mse","rate_state",47,2047,1000441,1576,1.15900366703669,TRUE,FALSE,23,1,"existing",NA,"rep_0047_fit_rate_state.rds"
"mse","ou",48,2048,1000442,2081,1.69753853480021,TRUE,FALSE,29,0,"existing",NA,"rep_0048_fit_ou.rds"
"mse","mse",48,2048,1000443,2081,0.526717980702718,TRUE,FALSE,7,0,"existing",NA,"rep_0048_fit_mse.rds"
"mse","rate_state",48,2048,1000444,2081,0.573430466651917,TRUE,FALSE,8,1,"existing",NA,"rep_0048_fit_rate_state.rds"
"mse","ou",49,2049,1000445,1586,1.19001936912537,TRUE,FALSE,26,0,"existing",NA,"rep_0049_fit_ou.rds"
"mse","mse",49,2049,1000446,1586,1.17647029956182,TRUE,FALSE,24,50,"existing",NA,"rep_0049_fit_mse.rds"
"mse","rate_state",49,2049,1000447,1586,5.60571856498718,FALSE,TRUE,100,1,"existing",NA,"rep_0049_fit_rate_state.rds"
"mse","ou",50,2050,1000448,1770,1.05756996472677,TRUE,FALSE,23,0,"existing",NA,"rep_0050_fit_ou.rds"
"mse","mse",50,2050,1000449,1770,0.700251384576162,TRUE,FALSE,10,0,"existing",NA,"rep_0050_fit_mse.rds"
"mse","rate_state",50,2050,1000450,1770,6.03281834920247,FALSE,TRUE,100,1,"existing",NA,"rep_0050_fit_rate_state.rds"
"mse","ou",51,2051,1000451,1761,1.63107579946518,TRUE,FALSE,32,0,"existing",NA,"rep_0051_fit_ou.rds"
"mse","mse",51,2051,1000452,1761,1.62008866469065,TRUE,FALSE,30,6,"existing",NA,"rep_0051_fit_mse.rds"
"mse","rate_state",51,2051,1000453,1761,6.40624136924744,FALSE,TRUE,100,1,"existing",NA,"rep_0051_fit_rate_state.rds"
"mse","ou",52,2052,1000454,3320,3.5303416689237,TRUE,FALSE,38,0,"existing",NA,"rep_0052_fit_ou.rds"
"mse","mse",52,2052,1000455,3320,4.70682321389516,TRUE,FALSE,39,0,"existing",NA,"rep_0052_fit_mse.rds"
"mse","rate_state",52,2052,1000456,3320,2.81633111635844,TRUE,FALSE,23,1,"existing",NA,"rep_0052_fit_rate_state.rds"
"mse","ou",53,2053,1000457,1557,0.985442248980204,TRUE,FALSE,22,0,"existing",NA,"rep_0053_fit_ou.rds"
"mse","mse",53,2053,1000458,1557,0.401243185997009,TRUE,FALSE,7,0,"existing",NA,"rep_0053_fit_mse.rds"
"mse","rate_state",53,2053,1000459,1557,4.89039206504822,FALSE,TRUE,100,2817,"existing",NA,"rep_0053_fit_rate_state.rds"
"mse","ou",54,2054,1000460,3885,4.84365311463674,TRUE,FALSE,40,0,"existing",NA,"rep_0054_fit_ou.rds"
"mse","mse",54,2054,1000461,3885,5.0873008330663,TRUE,FALSE,37,0,"existing",NA,"rep_0054_fit_mse.rds"
"mse","rate_state",54,2054,1000462,3885,16.3321683526039,FALSE,TRUE,100,1,"existing",NA,"rep_0054_fit_rate_state.rds"
"mse","ou",55,2055,1000463,1934,1.37911416689555,TRUE,FALSE,26,0,"existing",NA,"rep_0055_fit_ou.rds"
"mse","mse",55,2055,1000464,1934,0.459283101558685,TRUE,FALSE,7,0,"existing",NA,"rep_0055_fit_mse.rds"
"mse","rate_state",55,2055,1000465,1934,0.321738131841024,TRUE,FALSE,5,1,"existing",NA,"rep_0055_fit_rate_state.rds"
"mse","ou",56,2056,1000466,2471,1.88156631787618,TRUE,FALSE,27,0,"existing",NA,"rep_0056_fit_ou.rds"
"mse","mse",56,2056,1000467,2471,0.606208896636963,TRUE,FALSE,7,0,"existing",NA,"rep_0056_fit_mse.rds"
"mse","rate_state",56,2056,1000468,2471,0.539907117684682,TRUE,FALSE,7,1,"existing",NA,"rep_0056_fit_rate_state.rds"
"mse","ou",57,2057,1000469,1757,1.26755581696828,TRUE,FALSE,25,0,"existing",NA,"rep_0057_fit_ou.rds"
"mse","mse",57,2057,1000470,1757,0.462287418047587,TRUE,FALSE,7,0,"existing",NA,"rep_0057_fit_mse.rds"
"mse","rate_state",57,2057,1000471,1757,2.72657715082169,TRUE,FALSE,39,1,"existing",NA,"rep_0057_fit_rate_state.rds"
"mse","ou",58,2058,1000472,2159,1.83516051769257,TRUE,FALSE,29,0,"existing",NA,"rep_0058_fit_ou.rds"
"mse","mse",58,2058,1000473,2159,0.977019782861074,TRUE,FALSE,10,0,"existing",NA,"rep_0058_fit_mse.rds"
"mse","rate_state",58,2058,1000474,2159,4.24537974993388,TRUE,FALSE,56,1,"existing",NA,"rep_0058_fit_rate_state.rds"
"mse","ou",59,2059,1000475,1492,1.02100844780604,TRUE,FALSE,24,0,"existing",NA,"rep_0059_fit_ou.rds"
"mse","mse",59,2059,1000476,1492,1.15765903393428,TRUE,FALSE,26,1,"existing",NA,"rep_0059_fit_mse.rds"
"mse","rate_state",59,2059,1000477,1492,3.84638610283534,TRUE,FALSE,71,1,"existing",NA,"rep_0059_fit_rate_state.rds"
"mse","ou",60,2060,1000478,1400,1.00674516757329,TRUE,FALSE,24,0,"existing",NA,"rep_0060_fit_ou.rds"
"mse","mse",60,2060,1000479,1400,0.369027133782705,TRUE,FALSE,7,0,"existing",NA,"rep_0060_fit_mse.rds"
"mse","rate_state",60,2060,1000480,1400,0.261402813593547,TRUE,FALSE,5,1,"existing",NA,"rep_0060_fit_rate_state.rds"
"mse","ou",61,2061,1000481,3731,4.94264200131098,TRUE,FALSE,44,0,"existing",NA,"rep_0061_fit_ou.rds"
"mse","mse",61,2061,1000482,3731,4.26907347043355,TRUE,FALSE,33,0,"existing",NA,"rep_0061_fit_mse.rds"
"mse","rate_state",61,2061,1000483,3731,15.8333882848422,FALSE,TRUE,100,9295,"existing",NA,"rep_0061_fit_rate_state.rds"
"mse","ou",62,2062,1000484,3623,4.49230361382167,TRUE,FALSE,42,0,"existing",NA,"rep_0062_fit_ou.rds"
"mse","mse",62,2062,1000485,3623,4.39407000144323,TRUE,FALSE,39,0,"existing",NA,"rep_0062_fit_mse.rds"
"mse","rate_state",62,2062,1000486,3623,11.3262405157089,TRUE,FALSE,89,1,"existing",NA,"rep_0062_fit_rate_state.rds"
"mse","ou",63,2063,1000487,5351,7.99058068195979,TRUE,FALSE,44,0,"existing",NA,"rep_0063_fit_ou.rds"
"mse","mse",63,2063,1000488,5351,8.23870308001836,TRUE,FALSE,39,0,"existing",NA,"rep_0063_fit_mse.rds"
"mse","rate_state",63,2063,1000489,5351,22.5966132322947,FALSE,TRUE,100,10331,"existing",NA,"rep_0063_fit_rate_state.rds"
"mse","ou",64,2064,1000490,2565,2.19737491607666,TRUE,FALSE,30,0,"existing",NA,"rep_0064_fit_ou.rds"
"mse","mse",64,2064,1000491,2565,0.659446998437246,TRUE,FALSE,7,0,"existing",NA,"rep_0064_fit_mse.rds"
"mse","rate_state",64,2064,1000492,2565,0.807509084542592,TRUE,FALSE,9,1,"existing",NA,"rep_0064_fit_rate_state.rds"
"mse","ou",65,2065,1000493,1682,1.26958609819412,TRUE,FALSE,26,0,"existing",NA,"rep_0065_fit_ou.rds"
"mse","mse",65,2065,1000494,1682,0.426875301202138,TRUE,FALSE,7,0,"existing",NA,"rep_0065_fit_mse.rds"
"mse","rate_state",65,2065,1000495,1682,1.35747651656469,TRUE,FALSE,21,1,"existing",NA,"rep_0065_fit_rate_state.rds"
"mse","ou",66,2066,1000496,1374,1.11044398546219,TRUE,FALSE,28,0,"existing",NA,"rep_0066_fit_ou.rds"
"mse","mse",66,2066,1000497,1374,1.35403109788895,TRUE,FALSE,33,0,"existing",NA,"rep_0066_fit_mse.rds"
"mse","rate_state",66,2066,1000498,1374,4.00282638470332,FALSE,TRUE,100,0,"existing",NA,"rep_0066_fit_rate_state.rds"
"mse","ou",67,2067,1000499,2314,1.87170126438141,TRUE,FALSE,29,0,"existing",NA,"rep_0067_fit_ou.rds"
"mse","mse",67,2067,1000500,2314,0.581534234682719,TRUE,FALSE,7,0,"existing",NA,"rep_0067_fit_mse.rds"
"mse","rate_state",67,2067,1000501,2314,2.75032993555069,TRUE,FALSE,36,1,"existing",NA,"rep_0067_fit_rate_state.rds"
"mse","ou",68,2068,1000502,1565,1.0332700530688,TRUE,FALSE,23,0,"existing",NA,"rep_0068_fit_ou.rds"
"mse","mse",68,2068,1000503,1565,0.609920084476471,TRUE,FALSE,9,0,"existing",NA,"rep_0068_fit_mse.rds"
"mse","rate_state",68,2068,1000504,1565,0.431047050158183,TRUE,FALSE,8,1,"existing",NA,"rep_0068_fit_rate_state.rds"
"mse","ou",69,2069,1000505,1632,1.1311202843984,TRUE,FALSE,24,0,"existing",NA,"rep_0069_fit_ou.rds"
"mse","mse",69,2069,1000506,1632,0.428396650155385,TRUE,FALSE,7,0,"existing",NA,"rep_0069_fit_mse.rds"
"mse","rate_state",69,2069,1000507,1632,5.15070123275121,FALSE,TRUE,100,12,"existing",NA,"rep_0069_fit_rate_state.rds"
"mse","ou",70,2070,1000508,1711,1.26193945010503,TRUE,FALSE,26,0,"existing",NA,"rep_0070_fit_ou.rds"
"mse","mse",70,2070,1000509,1711,0.419760485490163,TRUE,FALSE,7,0,"existing",NA,"rep_0070_fit_mse.rds"
"mse","rate_state",70,2070,1000510,1711,6.2475942492485,FALSE,TRUE,100,1,"existing",NA,"rep_0070_fit_rate_state.rds"
"mse","ou",71,2071,1000511,2589,2.24360348383586,TRUE,FALSE,30,0,"existing",NA,"rep_0071_fit_ou.rds"
"mse","mse",71,2071,1000512,2589,0.641936067740122,TRUE,FALSE,7,0,"existing",NA,"rep_0071_fit_mse.rds"
"mse","rate_state",71,2071,1000513,2589,1.13963665167491,TRUE,FALSE,11,1,"existing",NA,"rep_0071_fit_rate_state.rds"
"mse","ou",72,2072,1000514,2197,1.9342623035113,TRUE,FALSE,31,0,"existing",NA,"rep_0072_fit_ou.rds"
"mse","mse",72,2072,1000515,2197,0.54093906879425,TRUE,FALSE,7,0,"existing",NA,"rep_0072_fit_mse.rds"
"mse","rate_state",72,2072,1000516,2197,7.03553833564122,FALSE,TRUE,100,1,"existing",NA,"rep_0072_fit_rate_state.rds"
"mse","ou",73,2073,1000517,6006,10.4995577494303,TRUE,FALSE,49,0,"existing",NA,"rep_0073_fit_ou.rds"
"mse","mse",73,2073,1000518,6006,12.9922639489174,TRUE,FALSE,49,0,"existing",NA,"rep_0073_fit_mse.rds"
"mse","rate_state",73,2073,1000519,6006,29.2127146482468,FALSE,TRUE,100,6579,"existing",NA,"rep_0073_fit_rate_state.rds"
"mse","ou",74,2074,1000520,1530,1.3450833161672,TRUE,FALSE,25,0,"existing",NA,"rep_0074_fit_ou.rds"
"mse","mse",74,2074,1000521,1530,1.94091478188833,TRUE,FALSE,34,0,"existing",NA,"rep_0074_fit_mse.rds"
"mse","rate_state",74,2074,1000522,1530,0.517026734352112,TRUE,FALSE,9,1,"existing",NA,"rep_0074_fit_rate_state.rds"
"mse","ou",75,2075,1000523,3527,4.53639161586761,TRUE,FALSE,43,0,"existing",NA,"rep_0075_fit_ou.rds"
"mse","mse",75,2075,1000524,3527,5.13825345039368,TRUE,FALSE,40,0,"existing",NA,"rep_0075_fit_mse.rds"
"mse","rate_state",75,2075,1000525,3527,15.1211217164993,FALSE,TRUE,100,0,"existing",NA,"rep_0075_fit_rate_state.rds"
"mse","ou",76,2076,1000526,2445,2.93351989984512,TRUE,FALSE,35,0,"existing",NA,"rep_0076_fit_ou.rds"
"mse","mse",76,2076,1000527,2445,0.624857183297475,TRUE,FALSE,6,0,"existing",NA,"rep_0076_fit_mse.rds"
"mse","rate_state",76,2076,1000528,2445,0.649456099669139,TRUE,FALSE,7,1,"existing",NA,"rep_0076_fit_rate_state.rds"
"mse","ou",77,2077,1000529,2249,2.14124691883723,TRUE,FALSE,30,0,"existing",NA,"rep_0077_fit_ou.rds"
"mse","mse",77,2077,1000530,2249,0.65787738164266,TRUE,FALSE,7,0,"existing",NA,"rep_0077_fit_mse.rds"
"mse","rate_state",77,2077,1000531,2249,0.436822700500488,TRUE,FALSE,5,1,"existing",NA,"rep_0077_fit_rate_state.rds"
"mse","ou",78,2078,1000532,3255,3.90650984843572,TRUE,FALSE,40,0,"existing",NA,"rep_0078_fit_ou.rds"
"mse","mse",78,2078,1000533,3255,4.43523376782735,TRUE,FALSE,40,0,"existing",NA,"rep_0078_fit_mse.rds"
"mse","rate_state",78,2078,1000534,3255,2.49515523513158,TRUE,FALSE,21,1,"existing",NA,"rep_0078_fit_rate_state.rds"
"mse","ou",79,2079,1000535,6002,10.4781835158666,TRUE,FALSE,49,0,"existing",NA,"rep_0079_fit_ou.rds"
"mse","mse",79,2079,1000536,6002,13.0133530020714,TRUE,FALSE,44,0,"existing",NA,"rep_0079_fit_mse.rds"
"mse","rate_state",79,2079,1000537,6002,30.2842004021009,FALSE,TRUE,100,17002,"existing",NA,"rep_0079_fit_rate_state.rds"
"mse","ou",80,2080,1000538,1743,1.46034103234609,TRUE,FALSE,29,0,"existing",NA,"rep_0080_fit_ou.rds"
"mse","mse",80,2080,1000539,1743,1.56730561653773,TRUE,FALSE,29,0,"existing",NA,"rep_0080_fit_mse.rds"
"mse","rate_state",80,2080,1000540,1743,6.54115458329519,FALSE,TRUE,100,1,"existing",NA,"rep_0080_fit_rate_state.rds"
"mse","ou",81,2081,1000541,2629,2.50017666419347,TRUE,FALSE,33,0,"existing",NA,"rep_0081_fit_ou.rds"
"mse","mse",81,2081,1000542,2629,0.769123967488607,TRUE,FALSE,7,0,"existing",NA,"rep_0081_fit_mse.rds"
"mse","rate_state",81,2081,1000543,2629,2.11361074844996,TRUE,FALSE,25,1,"existing",NA,"rep_0081_fit_rate_state.rds"
"mse","ou",82,2082,1000544,2297,1.93422653277715,TRUE,FALSE,30,0,"existing",NA,"rep_0082_fit_ou.rds"
"mse","mse",82,2082,1000545,2297,2.49088086684545,TRUE,FALSE,38,0,"existing",NA,"rep_0082_fit_mse.rds"
"mse","rate_state",82,2082,1000546,2297,0.692347681522369,TRUE,FALSE,9,1,"existing",NA,"rep_0082_fit_rate_state.rds"
"mse","ou",83,2083,1000547,4638,6.15513851642609,TRUE,FALSE,39,0,"existing",NA,"rep_0083_fit_ou.rds"
"mse","mse",83,2083,1000548,4638,7.51506866614024,TRUE,FALSE,39,0,"existing",NA,"rep_0083_fit_mse.rds"
"mse","rate_state",83,2083,1000549,4638,20.4370424310366,FALSE,TRUE,100,0,"existing",NA,"rep_0083_fit_rate_state.rds"
"mse","ou",84,2084,1000550,7611,21.7043221672376,TRUE,FALSE,60,0,"existing",NA,"rep_0084_fit_ou.rds"
"mse","mse",84,2084,1000551,7611,22.5974458654722,TRUE,FALSE,56,0,"existing",NA,"rep_0084_fit_mse.rds"
"mse","rate_state",84,2084,1000552,7611,37.6537406643232,FALSE,TRUE,100,0,"existing",NA,"rep_0084_fit_rate_state.rds"
"mse","ou",85,2085,1000553,1746,1.18011373281479,TRUE,FALSE,23,0,"existing",NA,"rep_0085_fit_ou.rds"
"mse","mse",85,2085,1000554,1746,0.458129080136617,TRUE,FALSE,7,0,"existing",NA,"rep_0085_fit_mse.rds"
"mse","rate_state",85,2085,1000555,1746,0.503728965918223,TRUE,FALSE,8,1,"existing",NA,"rep_0085_fit_rate_state.rds"
"mse","ou",86,2086,1000556,1794,1.30097271601359,TRUE,FALSE,23,0,"existing",NA,"rep_0086_fit_ou.rds"
"mse","mse",86,2086,1000557,1794,0.663194632530212,TRUE,FALSE,8,0,"existing",NA,"rep_0086_fit_mse.rds"
"mse","rate_state",86,2086,1000558,1794,5.68703974882762,FALSE,TRUE,100,0,"existing",NA,"rep_0086_fit_rate_state.rds"
"mse","ou",87,2087,1000559,3163,4.11433238188426,TRUE,FALSE,39,0,"existing",NA,"rep_0087_fit_ou.rds"
"mse","mse",87,2087,1000560,3163,4.51886786619822,TRUE,FALSE,36,0,"existing",NA,"rep_0087_fit_mse.rds"
"mse","rate_state",87,2087,1000561,3163,10.8555672486623,FALSE,TRUE,100,0,"existing",NA,"rep_0087_fit_rate_state.rds"
"mse","ou",88,2088,1000562,1415,1.39130831559499,TRUE,FALSE,31,0,"existing",NA,"rep_0088_fit_ou.rds"
"mse","mse",88,2088,1000563,1415,1.55013516743978,TRUE,FALSE,34,0,"existing",NA,"rep_0088_fit_mse.rds"
"mse","rate_state",88,2088,1000564,1415,5.70360243320465,TRUE,FALSE,98,1,"existing",NA,"rep_0088_fit_rate_state.rds"
"mse","ou",89,2089,1000565,3208,3.6001216173172,TRUE,FALSE,36,0,"existing",NA,"rep_0089_fit_ou.rds"
"mse","mse",89,2089,1000566,3208,3.84617590109507,TRUE,FALSE,33,0,"existing",NA,"rep_0089_fit_mse.rds"
"mse","rate_state",89,2089,1000567,3208,11.8782356659571,FALSE,TRUE,100,0,"existing",NA,"rep_0089_fit_rate_state.rds"
"mse","ou",90,2090,1000568,1806,1.94340459903081,TRUE,FALSE,33,0,"existing",NA,"rep_0090_fit_ou.rds"
"mse","mse",90,2090,1000569,1806,0.521496748924255,TRUE,FALSE,7,0,"existing",NA,"rep_0090_fit_mse.rds"
"mse","rate_state",90,2090,1000570,1806,7.09624621868134,FALSE,TRUE,100,4859,"existing",NA,"rep_0090_fit_rate_state.rds"
"mse","ou",91,2091,1000571,1751,1.50924126704534,TRUE,FALSE,29,0,"existing",NA,"rep_0091_fit_ou.rds"
"mse","mse",91,2091,1000572,1751,0.460061450799306,TRUE,FALSE,7,0,"existing",NA,"rep_0091_fit_mse.rds"
"mse","rate_state",91,2091,1000573,1751,5.98001091480255,FALSE,TRUE,100,0,"existing",NA,"rep_0091_fit_rate_state.rds"
"mse","ou",92,2092,1000574,1728,1.67159288326899,TRUE,FALSE,33,0,"existing",NA,"rep_0092_fit_ou.rds"
"mse","mse",92,2092,1000575,1728,1.57811305125554,TRUE,FALSE,30,0,"existing",NA,"rep_0092_fit_mse.rds"
"mse","rate_state",92,2092,1000576,1728,5.78415076732635,FALSE,TRUE,100,8292,"existing",NA,"rep_0092_fit_rate_state.rds"
"mse","ou",93,2093,1000577,4495,7.39608199993769,TRUE,FALSE,49,0,"existing",NA,"rep_0093_fit_ou.rds"
"mse","mse",93,2093,1000578,4495,7.46868028243383,TRUE,FALSE,45,0,"existing",NA,"rep_0093_fit_mse.rds"
"mse","rate_state",93,2093,1000579,4495,19.7260381499926,FALSE,TRUE,100,0,"existing",NA,"rep_0093_fit_rate_state.rds"
"mse","ou",94,2094,1000580,4456,6.60800300041835,TRUE,FALSE,43,0,"existing",NA,"rep_0094_fit_ou.rds"
"mse","mse",94,2094,1000581,4456,7.60864786704381,TRUE,FALSE,43,0,"existing",NA,"rep_0094_fit_mse.rds"
"mse","rate_state",94,2094,1000582,4456,17.6350983818372,FALSE,TRUE,100,0,"existing",NA,"rep_0094_fit_rate_state.rds"
"mse","ou",95,2095,1000583,1577,0.988543466726939,TRUE,FALSE,21,0,"existing",NA,"rep_0095_fit_ou.rds"
"mse","mse",95,2095,1000584,1577,1.56018939812978,TRUE,FALSE,30,0,"existing",NA,"rep_0095_fit_mse.rds"
"mse","rate_state",95,2095,1000585,1577,3.27169798612595,TRUE,FALSE,50,1,"existing",NA,"rep_0095_fit_rate_state.rds"
"mse","ou",96,2096,1000586,6053,13.1526152014732,TRUE,FALSE,58,0,"existing",NA,"rep_0096_fit_ou.rds"
"mse","mse",96,2096,1000587,6053,12.0875840822856,TRUE,FALSE,47,0,"existing",NA,"rep_0096_fit_mse.rds"
"mse","rate_state",96,2096,1000588,6053,9.66919958591461,TRUE,FALSE,36,1,"existing",NA,"rep_0096_fit_rate_state.rds"
"mse","ou",97,2097,1000589,2280,1.96147045294444,TRUE,FALSE,29,0,"existing",NA,"rep_0097_fit_ou.rds"
"mse","mse",97,2097,1000590,2280,0.634760868549347,TRUE,FALSE,7,0,"existing",NA,"rep_0097_fit_mse.rds"
"mse","rate_state",97,2097,1000591,2280,9.15470405022303,FALSE,TRUE,100,10912,"existing",NA,"rep_0097_fit_rate_state.rds"
"mse","ou",98,2098,1000592,1787,1.58457171519597,TRUE,FALSE,30,0,"existing",NA,"rep_0098_fit_ou.rds"
"mse","mse",98,2098,1000593,1787,0.473764900366465,TRUE,FALSE,7,0,"existing",NA,"rep_0098_fit_mse.rds"
"mse","rate_state",98,2098,1000594,1787,4.83918125232061,TRUE,FALSE,69,1,"existing",NA,"rep_0098_fit_rate_state.rds"
"mse","ou",99,2099,1000595,1763,1.26377350091934,TRUE,FALSE,24,0,"existing",NA,"rep_0099_fit_ou.rds"
"mse","mse",99,2099,1000596,1763,0.453184048334758,TRUE,FALSE,7,0,"existing",NA,"rep_0099_fit_mse.rds"
"mse","rate_state",99,2099,1000597,1763,0.490684350331624,TRUE,FALSE,8,1,"existing",NA,"rep_0099_fit_rate_state.rds"
"mse","ou",100,2100,1000598,2273,1.87490633328756,TRUE,FALSE,28,0,"existing",NA,"rep_0100_fit_ou.rds"
"mse","mse",100,2100,1000599,2273,0.536568999290466,TRUE,FALSE,6,0,"existing",NA,"rep_0100_fit_mse.rds"
"mse","rate_state",100,2100,1000600,2273,0.622863813241323,TRUE,FALSE,8,1,"existing",NA,"rep_0100_fit_rate_state.rds"
"rate_state","ou",1,3001,1000601,1361,0.909403268496195,TRUE,FALSE,21,0,"existing",NA,"rep_0001_fit_ou.rds"
"rate_state","mse",1,3001,1000602,1361,0.328915198644002,TRUE,FALSE,6,0,"existing",NA,"rep_0001_fit_mse.rds"
"rate_state","rate_state",1,3001,1000603,1361,1.27129600048065,TRUE,FALSE,30,0,"existing",NA,"rep_0001_fit_rate_state.rds"
"rate_state","ou",2,3002,1000604,1798,1.64974303245544,TRUE,FALSE,30,0,"existing",NA,"rep_0002_fit_ou.rds"
"rate_state","mse",2,3002,1000605,1798,5.81566484769185,FALSE,TRUE,100,0,"existing",NA,"rep_0002_fit_mse.rds"
"rate_state","rate_state",2,3002,1000606,1798,1.50442246596018,TRUE,FALSE,27,0,"existing",NA,"rep_0002_fit_rate_state.rds"
"rate_state","ou",3,3003,1000607,1166,0.938756517569224,TRUE,FALSE,23,0,"existing",NA,"rep_0003_fit_ou.rds"
"rate_state","mse",3,3003,1000608,1166,0.33500949939092,TRUE,FALSE,7,0,"existing",NA,"rep_0003_fit_mse.rds"
"rate_state","rate_state",3,3003,1000609,1166,0.878464953104655,TRUE,FALSE,22,0,"existing",NA,"rep_0003_fit_rate_state.rds"
"rate_state","ou",4,3004,1000610,2554,2.64155126810074,TRUE,FALSE,34,0,"existing",NA,"rep_0004_fit_ou.rds"
"rate_state","mse",4,3004,1000611,2554,0.987603120009104,TRUE,FALSE,8,0,"existing",NA,"rep_0004_fit_mse.rds"
"rate_state","rate_state",4,3004,1000612,2554,0.477771333853404,TRUE,FALSE,5,1,"existing",NA,"rep_0004_fit_rate_state.rds"
"rate_state","ou",5,3005,1000613,1721,1.16564340194066,TRUE,FALSE,22,0,"existing",NA,"rep_0005_fit_ou.rds"
"rate_state","mse",5,3005,1000614,1721,5.41034811735153,FALSE,TRUE,100,0,"existing",NA,"rep_0005_fit_mse.rds"
"rate_state","rate_state",5,3005,1000615,1721,0.564120999972026,TRUE,FALSE,9,1,"existing",NA,"rep_0005_fit_rate_state.rds"
"rate_state","ou",6,3006,1000616,1871,1.3342848499616,TRUE,FALSE,24,0,"existing",NA,"rep_0006_fit_ou.rds"
"rate_state","mse",6,3006,1000617,1871,0.42447270154953,TRUE,FALSE,6,0,"existing",NA,"rep_0006_fit_mse.rds"
"rate_state","rate_state",6,3006,1000618,1871,2.25192443132401,TRUE,FALSE,42,0,"existing",NA,"rep_0006_fit_rate_state.rds"
"rate_state","ou",7,3007,1000619,1878,1.88148311376572,TRUE,FALSE,33,0,"existing",NA,"rep_0007_fit_ou.rds"
"rate_state","mse",7,3007,1000620,1878,4.03771158059438,TRUE,FALSE,63,0,"existing",NA,"rep_0007_fit_mse.rds"
"rate_state","rate_state",7,3007,1000621,1878,0.550584733486176,TRUE,FALSE,8,1,"existing",NA,"rep_0007_fit_rate_state.rds"
"rate_state","ou",8,3008,1000622,4279,5.00625548362732,TRUE,FALSE,39,0,"existing",NA,"rep_0008_fit_ou.rds"
"rate_state","mse",8,3008,1000623,4279,8.0588048696518,TRUE,FALSE,50,0,"existing",NA,"rep_0008_fit_mse.rds"
"rate_state","rate_state",8,3008,1000624,4279,6.50535366932551,TRUE,FALSE,42,0,"existing",NA,"rep_0008_fit_rate_state.rds"
"rate_state","ou",9,3009,1000625,2183,1.99191424846649,TRUE,FALSE,31,0,"existing",NA,"rep_0009_fit_ou.rds"
"rate_state","mse",9,3009,1000626,2183,5.70426933368047,TRUE,FALSE,78,0,"existing",NA,"rep_0009_fit_mse.rds"
"rate_state","rate_state",9,3009,1000627,2183,1.84222113291423,TRUE,FALSE,28,0,"existing",NA,"rep_0009_fit_rate_state.rds"
"rate_state","ou",10,3010,1000628,1468,1.50807201464971,TRUE,FALSE,31,0,"existing",NA,"rep_0010_fit_ou.rds"
"rate_state","mse",10,3010,1000629,1468,4.94518318573634,FALSE,TRUE,100,0,"existing",NA,"rep_0010_fit_mse.rds"
"rate_state","rate_state",10,3010,1000630,1468,0.437862249215444,TRUE,FALSE,8,1,"existing",NA,"rep_0010_fit_rate_state.rds"
"rate_state","ou",11,3011,1000631,2116,2.18166951735814,TRUE,FALSE,34,0,"existing",NA,"rep_0011_fit_ou.rds"
"rate_state","mse",11,3011,1000632,2116,1.95414411624273,TRUE,FALSE,18,0,"existing",NA,"rep_0011_fit_mse.rds"
"rate_state","rate_state",11,3011,1000633,2116,0.376174481709798,TRUE,FALSE,5,1,"existing",NA,"rep_0011_fit_rate_state.rds"
"rate_state","ou",12,3012,1000634,2063,1.83228859901428,TRUE,FALSE,30,0,"existing",NA,"rep_0012_fit_ou.rds"
"rate_state","mse",12,3012,1000635,2063,0.48958615064621,TRUE,FALSE,6,0,"existing",NA,"rep_0012_fit_mse.rds"
"rate_state","rate_state",12,3012,1000636,2063,1.68213131427765,TRUE,FALSE,27,0,"existing",NA,"rep_0012_fit_rate_state.rds"
"rate_state","ou",13,3013,1000637,1291,0.987503902117411,TRUE,FALSE,23,0,"existing",NA,"rep_0013_fit_ou.rds"
"rate_state","mse",13,3013,1000638,1291,0.361790184179942,TRUE,FALSE,7,0,"existing",NA,"rep_0013_fit_mse.rds"
"rate_state","rate_state",13,3013,1000639,1291,1.15009061892827,TRUE,FALSE,28,0,"existing",NA,"rep_0013_fit_rate_state.rds"
"rate_state","ou",14,3014,1000640,1676,1.37997288306554,TRUE,FALSE,26,0,"existing",NA,"rep_0014_fit_ou.rds"
"rate_state","mse",14,3014,1000641,1676,5.51626226504644,FALSE,TRUE,100,0,"existing",NA,"rep_0014_fit_mse.rds"
"rate_state","rate_state",14,3014,1000642,1676,1.96840723355611,TRUE,FALSE,40,0,"existing",NA,"rep_0014_fit_rate_state.rds"
"rate_state","ou",15,3015,1000643,1618,1.35857803424199,TRUE,FALSE,27,0,"existing",NA,"rep_0015_fit_ou.rds"
"rate_state","mse",15,3015,1000644,1618,1.84124891757965,TRUE,FALSE,33,0,"existing",NA,"rep_0015_fit_mse.rds"
"rate_state","rate_state",15,3015,1000645,1618,1.24960088332494,TRUE,FALSE,25,2,"existing",NA,"rep_0015_fit_rate_state.rds"
"rate_state","ou",16,3016,1000646,2397,2.28363614877065,TRUE,FALSE,31,0,"existing",NA,"rep_0016_fit_ou.rds"
"rate_state","mse",16,3016,1000647,2397,0.848295966784159,TRUE,FALSE,8,0,"existing",NA,"rep_0016_fit_mse.rds"
"rate_state","rate_state",16,3016,1000648,2397,0.438932534058889,TRUE,FALSE,5,1,"existing",NA,"rep_0016_fit_rate_state.rds"
"rate_state","ou",17,3017,1000649,1305,1.06029696861903,TRUE,FALSE,25,0,"existing",NA,"rep_0017_fit_ou.rds"
"rate_state","mse",17,3017,1000650,1305,0.358395866552989,TRUE,FALSE,7,0,"existing",NA,"rep_0017_fit_mse.rds"
"rate_state","rate_state",17,3017,1000651,1305,0.347154764334361,TRUE,FALSE,7,1,"existing",NA,"rep_0017_fit_rate_state.rds"
"rate_state","ou",18,3018,1000652,5152,11.2310541510582,TRUE,FALSE,60,0,"existing",NA,"rep_0018_fit_ou.rds"
"rate_state","mse",18,3018,1000653,5152,12.3174082835515,TRUE,FALSE,54,0,"existing",NA,"rep_0018_fit_mse.rds"
"rate_state","rate_state",18,3018,1000654,5152,9.50681634744008,TRUE,FALSE,46,0,"existing",NA,"rep_0018_fit_rate_state.rds"
"rate_state","ou",19,3019,1000655,2159,2.08324330250422,TRUE,FALSE,31,0,"existing",NA,"rep_0019_fit_ou.rds"
"rate_state","mse",19,3019,1000656,2159,0.549543484052022,TRUE,FALSE,6,0,"existing",NA,"rep_0019_fit_mse.rds"
"rate_state","rate_state",19,3019,1000657,2159,0.451962431271871,TRUE,FALSE,5,1,"existing",NA,"rep_0019_fit_rate_state.rds"
"rate_state","ou",20,3020,1000658,3616,5.73034576972326,TRUE,FALSE,49,0,"existing",NA,"rep_0020_fit_ou.rds"
"rate_state","mse",20,3020,1000659,3616,5.62841148376465,TRUE,FALSE,43,0,"existing",NA,"rep_0020_fit_mse.rds"
"rate_state","rate_state",20,3020,1000660,3616,4.68458482027054,TRUE,FALSE,37,0,"existing",NA,"rep_0020_fit_rate_state.rds"
"rate_state","ou",21,3021,1000661,6127,11.5553521990776,TRUE,FALSE,47,0,"existing",NA,"rep_0021_fit_ou.rds"
"rate_state","mse",21,3021,1000662,6127,34.3711335341136,FALSE,TRUE,100,0,"existing",NA,"rep_0021_fit_mse.rds"
"rate_state","rate_state",21,3021,1000663,6127,15.4106911977132,TRUE,FALSE,47,0,"existing",NA,"rep_0021_fit_rate_state.rds"
"rate_state","ou",22,3022,1000664,2361,2.85033086538315,TRUE,FALSE,28,0,"existing",NA,"rep_0022_fit_ou.rds"
"rate_state","mse",22,3022,1000665,2361,11.8528156995773,FALSE,TRUE,100,0,"existing",NA,"rep_0022_fit_mse.rds"
"rate_state","rate_state",22,3022,1000666,2361,2.88173636992772,TRUE,FALSE,27,0,"existing",NA,"rep_0022_fit_rate_state.rds"
"rate_state","ou",23,3023,1000667,2827,2.94213459889094,TRUE,FALSE,33,0,"existing",NA,"rep_0023_fit_ou.rds"
"rate_state","mse",23,3023,1000668,2827,0.591732835769653,TRUE,FALSE,5,0,"existing",NA,"rep_0023_fit_mse.rds"
"rate_state","rate_state",23,3023,1000669,2827,0.828168499469757,TRUE,FALSE,8,1,"existing",NA,"rep_0023_fit_rate_state.rds"
"rate_state","ou",24,3024,1000670,1158,1.00423006614049,TRUE,FALSE,25,0,"existing",NA,"rep_0024_fit_ou.rds"
"rate_state","mse",24,3024,1000671,1158,0.973724468549093,TRUE,FALSE,23,0,"existing",NA,"rep_0024_fit_mse.rds"
"rate_state","rate_state",24,3024,1000672,1158,0.358044032255808,TRUE,FALSE,8,1,"existing",NA,"rep_0024_fit_rate_state.rds"
"rate_state","ou",25,3025,1000673,1723,1.72645276784897,TRUE,FALSE,31,0,"existing",NA,"rep_0025_fit_ou.rds"
"rate_state","mse",25,3025,1000674,1723,5.92849495013555,FALSE,TRUE,100,0,"existing",NA,"rep_0025_fit_mse.rds"
"rate_state","rate_state",25,3025,1000675,1723,1.44657289981842,TRUE,FALSE,27,0,"existing",NA,"rep_0025_fit_rate_state.rds"
"rate_state","ou",26,3026,1000676,4221,7.5647184530894,TRUE,FALSE,53,0,"existing",NA,"rep_0026_fit_ou.rds"
"rate_state","mse",26,3026,1000677,4221,16.5202280163765,FALSE,TRUE,100,0,"existing",NA,"rep_0026_fit_mse.rds"
"rate_state","rate_state",26,3026,1000678,4221,7.45626921653748,TRUE,FALSE,42,0,"existing",NA,"rep_0026_fit_rate_state.rds"
"rate_state","ou",27,3027,1000679,3674,7.68908516963323,TRUE,FALSE,53,0,"existing",NA,"rep_0027_fit_ou.rds"
"rate_state","mse",27,3027,1000680,3674,9.92170600096385,TRUE,FALSE,51,0,"existing",NA,"rep_0027_fit_mse.rds"
"rate_state","rate_state",27,3027,1000681,3674,7.50185833374659,TRUE,FALSE,41,0,"existing",NA,"rep_0027_fit_rate_state.rds"
"rate_state","ou",28,3028,1000682,1521,1.94737503131231,TRUE,FALSE,26,0,"existing",NA,"rep_0028_fit_ou.rds"
"rate_state","mse",28,3028,1000683,1521,2.49810813268026,TRUE,FALSE,33,0,"existing",NA,"rep_0028_fit_mse.rds"
"rate_state","rate_state",28,3028,1000684,1521,2.23552758296331,TRUE,FALSE,34,0,"existing",NA,"rep_0028_fit_rate_state.rds"
"rate_state","ou",29,3029,1000685,1637,1.57829166650772,TRUE,FALSE,30,0,"existing",NA,"rep_0029_fit_ou.rds"
"rate_state","mse",29,3029,1000686,1637,0.392707701524099,TRUE,FALSE,6,0,"existing",NA,"rep_0029_fit_mse.rds"
"rate_state","rate_state",29,3029,1000687,1637,1.42197002967199,TRUE,FALSE,28,0,"existing",NA,"rep_0029_fit_rate_state.rds"
"rate_state","ou",30,3030,1000688,1804,1.86098021666209,TRUE,FALSE,33,0,"existing",NA,"rep_0030_fit_ou.rds"
"rate_state","mse",30,3030,1000689,1804,0.503070851167043,TRUE,FALSE,7,0,"existing",NA,"rep_0030_fit_mse.rds"
"rate_state","rate_state",30,3030,1000690,1804,0.547127032279968,TRUE,FALSE,8,1,"existing",NA,"rep_0030_fit_rate_state.rds"
"rate_state","ou",31,3031,1000691,1382,1.18978628317515,TRUE,FALSE,25,0,"existing",NA,"rep_0031_fit_ou.rds"
"rate_state","mse",31,3031,1000692,1382,0.240010833740234,TRUE,FALSE,4,0,"existing",NA,"rep_0031_fit_mse.rds"
"rate_state","rate_state",31,3031,1000693,1382,0.278147033850352,TRUE,FALSE,5,1,"existing",NA,"rep_0031_fit_rate_state.rds"
"rate_state","ou",32,3032,1000694,1682,1.65425568421682,TRUE,FALSE,30,0,"existing",NA,"rep_0032_fit_ou.rds"
"rate_state","mse",32,3032,1000695,1682,0.277392633756002,TRUE,FALSE,4,0,"existing",NA,"rep_0032_fit_mse.rds"
"rate_state","rate_state",32,3032,1000696,1682,0.448812818527222,TRUE,FALSE,7,1,"existing",NA,"rep_0032_fit_rate_state.rds"
"rate_state","ou",33,3033,1000697,2205,2.26678739786148,TRUE,FALSE,33,0,"existing",NA,"rep_0033_fit_ou.rds"
"rate_state","mse",33,3033,1000698,2205,8.27080926895142,FALSE,TRUE,100,0,"existing",NA,"rep_0033_fit_mse.rds"
"rate_state","rate_state",33,3033,1000699,2205,0.704331151644389,TRUE,FALSE,7,1,"existing",NA,"rep_0033_fit_rate_state.rds"
"rate_state","ou",34,3034,1000700,1959,2.19194865226746,TRUE,FALSE,30,0,"existing",NA,"rep_0034_fit_ou.rds"
"rate_state","mse",34,3034,1000701,1959,1.89085305134455,TRUE,FALSE,23,0,"existing",NA,"rep_0034_fit_mse.rds"
"rate_state","rate_state",34,3034,1000702,1959,1.9900045633316,TRUE,FALSE,27,0,"existing",NA,"rep_0034_fit_rate_state.rds"
"rate_state","ou",35,3035,1000703,1336,1.03374170064926,TRUE,FALSE,22,0,"existing",NA,"rep_0035_fit_ou.rds"
"rate_state","mse",35,3035,1000704,1336,5.42602754831314,FALSE,TRUE,100,0,"existing",NA,"rep_0035_fit_mse.rds"
"rate_state","rate_state",35,3035,1000705,1336,6.5182696501414,FALSE,TRUE,100,1,"existing",NA,"rep_0035_fit_rate_state.rds"
"rate_state","ou",36,3036,1000706,3156,5.21309353113174,TRUE,FALSE,41,0,"existing",NA,"rep_0036_fit_ou.rds"
"rate_state","mse",36,3036,1000707,3156,15.1637190024058,FALSE,TRUE,100,0,"existing",NA,"rep_0036_fit_mse.rds"
"rate_state","rate_state",36,3036,1000708,3156,3.29120508432388,TRUE,FALSE,19,1,"existing",NA,"rep_0036_fit_rate_state.rds"
"rate_state","ou",37,3037,1000709,6412,24.2601123174032,TRUE,FALSE,62,0,"existing",NA,"rep_0037_fit_ou.rds"
"rate_state","mse",37,3037,1000710,6412,26.7941285014153,TRUE,FALSE,60,0,"existing",NA,"rep_0037_fit_mse.rds"
"rate_state","rate_state",37,3037,1000711,6412,17.7775609652201,TRUE,FALSE,49,0,"existing",NA,"rep_0037_fit_rate_state.rds"
"rate_state","ou",38,3038,1000712,2860,5.44512553612391,TRUE,FALSE,47,0,"existing",NA,"rep_0038_fit_ou.rds"
"rate_state","mse",38,3038,1000713,2860,5.94073569774628,TRUE,FALSE,43,0,"existing",NA,"rep_0038_fit_mse.rds"
"rate_state","rate_state",38,3038,1000714,2860,4.56180131435394,TRUE,FALSE,34,0,"existing",NA,"rep_0038_fit_rate_state.rds"
"rate_state","ou",39,3039,1000715,2385,3.28344583511353,TRUE,FALSE,30,0,"existing",NA,"rep_0039_fit_ou.rds"
"rate_state","mse",39,3039,1000716,2385,11.7382132132848,FALSE,TRUE,100,0,"existing",NA,"rep_0039_fit_mse.rds"
"rate_state","rate_state",39,3039,1000717,2385,0.703612732887268,TRUE,FALSE,5,1,"existing",NA,"rep_0039_fit_rate_state.rds"
"rate_state","ou",40,3040,1000718,2033,2.95475585063299,TRUE,FALSE,31,0,"existing",NA,"rep_0040_fit_ou.rds"
"rate_state","mse",40,3040,1000719,2033,0.81072613398234,TRUE,FALSE,7,0,"existing",NA,"rep_0040_fit_mse.rds"
"rate_state","rate_state",40,3040,1000720,2033,2.80936185121536,TRUE,FALSE,29,0,"existing",NA,"rep_0040_fit_rate_state.rds"
"rate_state","ou",41,3041,1000721,3382,6.29708019892375,TRUE,FALSE,40,0,"existing",NA,"rep_0041_fit_ou.rds"
"rate_state","mse",41,3041,1000722,3382,17.7645522475243,FALSE,TRUE,100,0,"existing",NA,"rep_0041_fit_mse.rds"
"rate_state","rate_state",41,3041,1000723,3382,5.51371205250422,TRUE,FALSE,32,0,"existing",NA,"rep_0041_fit_rate_state.rds"
"rate_state","ou",42,3042,1000724,1805,2.06248540083567,TRUE,FALSE,24,0,"existing",NA,"rep_0042_fit_ou.rds"
"rate_state","mse",42,3042,1000725,1805,0.508858633041382,TRUE,FALSE,5,0,"existing",NA,"rep_0042_fit_mse.rds"
"rate_state","rate_state",42,3042,1000726,1805,0.540516364574432,TRUE,FALSE,5,1,"existing",NA,"rep_0042_fit_rate_state.rds"
"rate_state","ou",43,3043,1000727,1260,1.57727686564128,TRUE,FALSE,24,0,"existing",NA,"rep_0043_fit_ou.rds"
"rate_state","mse",43,3043,1000728,1260,4.98471383651098,TRUE,FALSE,74,0,"existing",NA,"rep_0043_fit_mse.rds"
"rate_state","rate_state",43,3043,1000729,1260,1.44436116615931,TRUE,FALSE,23,0,"existing",NA,"rep_0043_fit_rate_state.rds"
"rate_state","ou",44,3044,1000730,2295,3.07554420232773,TRUE,FALSE,28,0,"existing",NA,"rep_0044_fit_ou.rds"
"rate_state","mse",44,3044,1000731,2295,11.2339732329051,FALSE,TRUE,100,0,"existing",NA,"rep_0044_fit_mse.rds"
"rate_state","rate_state",44,3044,1000732,2295,2.84887474775314,TRUE,FALSE,27,0,"existing",NA,"rep_0044_fit_rate_state.rds"
"rate_state","ou",45,3045,1000733,3425,6.06813329855601,TRUE,FALSE,37,0,"existing",NA,"rep_0045_fit_ou.rds"
"rate_state","mse",45,3045,1000734,3425,17.2805632511775,FALSE,TRUE,100,0,"existing",NA,"rep_0045_fit_mse.rds"
"rate_state","rate_state",45,3045,1000735,3425,4.75363501707713,TRUE,FALSE,32,0,"existing",NA,"rep_0045_fit_rate_state.rds"
"rate_state","ou",46,3046,1000736,1483,1.66699156761169,TRUE,FALSE,28,0,"existing",NA,"rep_0046_fit_ou.rds"
"rate_state","mse",46,3046,1000737,1483,6.47764958540599,FALSE,TRUE,100,0,"existing",NA,"rep_0046_fit_mse.rds"
"rate_state","rate_state",46,3046,1000738,1483,0.523628997802734,TRUE,FALSE,8,1,"existing",NA,"rep_0046_fit_rate_state.rds"
"rate_state","ou",47,3047,1000739,1689,2.26669005155563,TRUE,FALSE,29,0,"existing",NA,"rep_0047_fit_ou.rds"
"rate_state","mse",47,3047,1000740,1689,2.78203361829122,TRUE,FALSE,33,0,"existing",NA,"rep_0047_fit_mse.rds"
"rate_state","rate_state",47,3047,1000741,1689,0.688314398129781,TRUE,FALSE,8,1,"existing",NA,"rep_0047_fit_rate_state.rds"
"rate_state","ou",48,3048,1000742,2586,4.54682341416677,TRUE,FALSE,39,0,"existing",NA,"rep_0048_fit_ou.rds"
"rate_state","mse",48,3048,1000743,2586,0.802915318806966,TRUE,FALSE,5,0,"existing",NA,"rep_0048_fit_mse.rds"
"rate_state","rate_state",48,3048,1000744,2586,1.11625481446584,TRUE,FALSE,8,1,"existing",NA,"rep_0048_fit_rate_state.rds"
"rate_state","ou",49,3049,1000745,1237,1.61295809745789,TRUE,FALSE,26,0,"existing",NA,"rep_0049_fit_ou.rds"
"rate_state","mse",49,3049,1000746,1237,0.531111447016398,TRUE,FALSE,7,0,"existing",NA,"rep_0049_fit_mse.rds"
"rate_state","rate_state",49,3049,1000747,1237,1.29744316736857,TRUE,FALSE,21,0,"existing",NA,"rep_0049_fit_rate_state.rds"
"rate_state","ou",50,3050,1000748,2777,4.38185286521912,TRUE,FALSE,35,0,"existing",NA,"rep_0050_fit_ou.rds"
"rate_state","mse",50,3050,1000749,2777,0.817042863368988,TRUE,FALSE,5,0,"existing",NA,"rep_0050_fit_mse.rds"
"rate_state","rate_state",50,3050,1000750,2777,1.05246315002441,TRUE,FALSE,7,1,"existing",NA,"rep_0050_fit_rate_state.rds"
"rate_state","ou",51,3051,1000751,1454,1.64319571654002,TRUE,FALSE,24,0,"existing",NA,"rep_0051_fit_ou.rds"
"rate_state","mse",51,3051,1000752,1454,0.453747749328613,TRUE,FALSE,5,0,"existing",NA,"rep_0051_fit_mse.rds"
"rate_state","rate_state",51,3051,1000753,1454,0.592140181859334,TRUE,FALSE,8,1,"existing",NA,"rep_0051_fit_rate_state.rds"
"rate_state","ou",52,3052,1000754,1488,1.3212050318718,TRUE,FALSE,22,0,"existing",NA,"rep_0052_fit_ou.rds"
"rate_state","mse",52,3052,1000755,1488,2.07293848196665,TRUE,FALSE,30,0,"existing",NA,"rep_0052_fit_mse.rds"
"rate_state","rate_state",52,3052,1000756,1488,2.21103845040003,TRUE,FALSE,35,0,"existing",NA,"rep_0052_fit_rate_state.rds"
"rate_state","ou",53,3053,1000757,1277,1.90974796613057,TRUE,FALSE,30,0,"existing",NA,"rep_0053_fit_ou.rds"
"rate_state","mse",53,3053,1000758,1277,1.75804898341497,TRUE,FALSE,27,0,"existing",NA,"rep_0053_fit_mse.rds"
"rate_state","rate_state",53,3053,1000759,1277,2.12166458368301,TRUE,FALSE,39,0,"existing",NA,"rep_0053_fit_rate_state.rds"
"rate_state","ou",54,3054,1000760,1675,1.98803461790085,TRUE,FALSE,27,0,"existing",NA,"rep_0054_fit_ou.rds"
"rate_state","mse",54,3054,1000761,1675,7.79815115133921,FALSE,TRUE,100,0,"existing",NA,"rep_0054_fit_mse.rds"
"rate_state","rate_state",54,3054,1000762,1675,0.692365336418152,TRUE,FALSE,9,1,"existing",NA,"rep_0054_fit_rate_state.rds"
"rate_state","ou",55,3055,1000763,4197,8.92846539815267,TRUE,FALSE,50,0,"existing",NA,"rep_0055_fit_ou.rds"
"rate_state","mse",55,3055,1000764,4197,18.5886566996574,FALSE,TRUE,100,0,"existing",NA,"rep_0055_fit_mse.rds"
"rate_state","rate_state",55,3055,1000765,4197,6.34299331903458,TRUE,FALSE,41,0,"existing",NA,"rep_0055_fit_rate_state.rds"
"rate_state","ou",56,3056,1000766,2309,2.50939175287882,TRUE,FALSE,26,0,"existing",NA,"rep_0056_fit_ou.rds"
"rate_state","mse",56,3056,1000767,2309,0.845258100827535,TRUE,FALSE,7,0,"existing",NA,"rep_0056_fit_mse.rds"
"rate_state","rate_state",56,3056,1000768,2309,0.574162399768829,TRUE,FALSE,5,1,"existing",NA,"rep_0056_fit_rate_state.rds"
"rate_state","ou",57,3057,1000769,1937,2.6159853498141,TRUE,FALSE,31,0,"existing",NA,"rep_0057_fit_ou.rds"
"rate_state","mse",57,3057,1000770,1937,1.9497832496961,TRUE,FALSE,24,0,"existing",NA,"rep_0057_fit_mse.rds"
"rate_state","rate_state",57,3057,1000771,1937,0.694113882382711,TRUE,FALSE,8,1,"existing",NA,"rep_0057_fit_rate_state.rds"
"rate_state","ou",58,3058,1000772,6045,9.83032650152842,TRUE,FALSE,38,0,"existing",NA,"rep_0058_fit_ou.rds"
"rate_state","mse",58,3058,1000773,6045,29.9304875334104,FALSE,TRUE,100,0,"existing",NA,"rep_0058_fit_mse.rds"
"rate_state","rate_state",58,3058,1000774,6045,11.6954761664073,TRUE,FALSE,42,0,"existing",NA,"rep_0058_fit_rate_state.rds"
"rate_state","ou",59,3059,1000775,1572,1.44828083117803,TRUE,FALSE,26,0,"existing",NA,"rep_0059_fit_ou.rds"
"rate_state","mse",59,3059,1000776,1572,5.51391215324402,TRUE,FALSE,95,0,"existing",NA,"rep_0059_fit_mse.rds"
"rate_state","rate_state",59,3059,1000777,1572,0.512347169717153,TRUE,FALSE,8,1,"existing",NA,"rep_0059_fit_rate_state.rds"
"rate_state","ou",60,3060,1000778,4228,7.05475748380025,TRUE,FALSE,44,0,"existing",NA,"rep_0060_fit_ou.rds"
"rate_state","mse",60,3060,1000779,4228,18.9338282346725,FALSE,TRUE,100,0,"existing",NA,"rep_0060_fit_mse.rds"
"rate_state","rate_state",60,3060,1000780,4228,6.18392406702042,TRUE,FALSE,37,0,"existing",NA,"rep_0060_fit_rate_state.rds"
"rate_state","ou",61,3061,1000781,2213,2.12672305107117,TRUE,FALSE,30,0,"existing",NA,"rep_0061_fit_ou.rds"
"rate_state","mse",61,3061,1000782,2213,7.89056144952774,FALSE,TRUE,100,0,"existing",NA,"rep_0061_fit_mse.rds"
"rate_state","rate_state",61,3061,1000783,2213,0.597612516085307,TRUE,FALSE,7,1,"existing",NA,"rep_0061_fit_rate_state.rds"
"rate_state","ou",62,3062,1000784,2638,3.13373833497365,TRUE,FALSE,34,0,"existing",NA,"rep_0062_fit_ou.rds"
"rate_state","mse",62,3062,1000785,2638,10.1462620854378,FALSE,TRUE,100,0,"existing",NA,"rep_0062_fit_mse.rds"
"rate_state","rate_state",62,3062,1000786,2638,0.887034400304158,TRUE,FALSE,8,1,"existing",NA,"rep_0062_fit_rate_state.rds"
"rate_state","ou",63,3063,1000787,3160,4.39660545190175,TRUE,FALSE,40,0,"existing",NA,"rep_0063_fit_ou.rds"
"rate_state","mse",63,3063,1000788,3160,6.6859557668368,TRUE,FALSE,49,0,"existing",NA,"rep_0063_fit_mse.rds"
"rate_state","rate_state",63,3063,1000789,3160,11.0112354159355,FALSE,TRUE,100,0,"existing",NA,"rep_0063_fit_rate_state.rds"
"rate_state","ou",64,3064,1000790,1601,1.35535334746043,TRUE,FALSE,24,0,"existing",NA,"rep_0064_fit_ou.rds"
"rate_state","mse",64,3064,1000791,1601,5.87842190265656,FALSE,TRUE,100,0,"existing",NA,"rep_0064_fit_mse.rds"
"rate_state","rate_state",64,3064,1000792,1601,2.43515196641286,TRUE,FALSE,46,0,"existing",NA,"rep_0064_fit_rate_state.rds"
"rate_state","ou",65,3065,1000793,2642,3.08545396725337,TRUE,FALSE,34,0,"existing",NA,"rep_0065_fit_ou.rds"
"rate_state","mse",65,3065,1000794,2642,2.85612133344014,TRUE,FALSE,29,0,"existing",NA,"rep_0065_fit_mse.rds"
"rate_state","rate_state",65,3065,1000795,2642,2.88615933656693,TRUE,FALSE,33,0,"existing",NA,"rep_0065_fit_rate_state.rds"
"rate_state","ou",66,3066,1000796,1858,1.92544536590576,TRUE,FALSE,30,0,"existing",NA,"rep_0066_fit_ou.rds"
"rate_state","mse",66,3066,1000797,1858,6.76126013199488,FALSE,TRUE,100,0,"existing",NA,"rep_0066_fit_mse.rds"
"rate_state","rate_state",66,3066,1000798,1858,1.73283071915309,TRUE,FALSE,29,0,"existing",NA,"rep_0066_fit_rate_state.rds"
"rate_state","ou",67,3067,1000799,2744,3.13310126860936,TRUE,FALSE,34,0,"existing",NA,"rep_0067_fit_ou.rds"
"rate_state","mse",67,3067,1000800,2744,0.821668116251628,TRUE,FALSE,7,0,"existing",NA,"rep_0067_fit_mse.rds"
"rate_state","rate_state",67,3067,1000801,2744,0.857806615034739,TRUE,FALSE,8,1,"existing",NA,"rep_0067_fit_rate_state.rds"
"rate_state","ou",68,3068,1000802,1247,1.06748128334681,TRUE,FALSE,25,0,"existing",NA,"rep_0068_fit_ou.rds"
"rate_state","mse",68,3068,1000803,1247,4.66149088541667,FALSE,TRUE,100,0,"existing",NA,"rep_0068_fit_mse.rds"
"rate_state","rate_state",68,3068,1000804,1247,0.40558051665624,TRUE,FALSE,8,1,"existing",NA,"rep_0068_fit_rate_state.rds"
"rate_state","ou",69,3069,1000805,1275,1.08897906541824,TRUE,FALSE,24,0,"existing",NA,"rep_0069_fit_ou.rds"
"rate_state","mse",69,3069,1000806,1275,1.08688681523005,TRUE,FALSE,22,0,"existing",NA,"rep_0069_fit_mse.rds"
"rate_state","rate_state",69,3069,1000807,1275,0.978362115224202,TRUE,FALSE,22,0,"existing",NA,"rep_0069_fit_rate_state.rds"
"rate_state","ou",70,3070,1000808,2005,1.88902351458867,TRUE,FALSE,29,0,"existing",NA,"rep_0070_fit_ou.rds"
"rate_state","mse",70,3070,1000809,2005,7.0440997004509,FALSE,TRUE,100,0,"existing",NA,"rep_0070_fit_mse.rds"
"rate_state","rate_state",70,3070,1000810,2005,1.80006250143051,TRUE,FALSE,25,0,"existing",NA,"rep_0070_fit_rate_state.rds"
"rate_state","ou",71,3071,1000811,2178,2.27011521657308,TRUE,FALSE,32,0,"existing",NA,"rep_0071_fit_ou.rds"
"rate_state","mse",71,3071,1000812,2178,7.88738920291265,FALSE,TRUE,100,0,"existing",NA,"rep_0071_fit_mse.rds"
"rate_state","rate_state",71,3071,1000813,2178,2.00900874932607,TRUE,FALSE,29,0,"existing",NA,"rep_0071_fit_rate_state.rds"
"rate_state","ou",72,3072,1000814,2036,2.09628093242645,TRUE,FALSE,31,0,"existing",NA,"rep_0072_fit_ou.rds"
"rate_state","mse",72,3072,1000815,2036,3.02669393221537,TRUE,FALSE,40,0,"existing",NA,"rep_0072_fit_mse.rds"
"rate_state","rate_state",72,3072,1000816,2036,2.36657393376033,TRUE,FALSE,31,0,"existing",NA,"rep_0072_fit_rate_state.rds"
"rate_state","ou",73,3073,1000817,2257,2.13630795081456,TRUE,FALSE,25,0,"existing",NA,"rep_0073_fit_ou.rds"
"rate_state","mse",73,3073,1000818,2257,9.18231765031815,FALSE,TRUE,100,0,"fitted",NA,"rep_0073_fit_mse.rds"
"rate_state","rate_state",73,3073,1000819,2257,10.1089561343193,TRUE,FALSE,90,1,"fitted",NA,"rep_0073_fit_rate_state.rds"
"rate_state","ou",74,3074,1000820,1510,1.43514776627223,TRUE,FALSE,28,0,"existing",NA,"rep_0074_fit_ou.rds"
"rate_state","mse",74,3074,1000821,1510,7.25097783406575,FALSE,TRUE,100,0,"existing",NA,"rep_0074_fit_mse.rds"
"rate_state","rate_state",74,3074,1000822,1510,1.31962796847026,TRUE,FALSE,26,0,"existing",NA,"rep_0074_fit_rate_state.rds"
"rate_state","ou",75,3075,1000823,3098,3.30626180171967,TRUE,FALSE,35,0,"existing",NA,"rep_0075_fit_ou.rds"
"rate_state","mse",75,3075,1000824,3098,13.5880288163821,FALSE,TRUE,100,0,"existing",NA,"rep_0075_fit_mse.rds"
"rate_state","rate_state",75,3075,1000825,3098,4.76970065037409,TRUE,FALSE,37,0,"fitted",NA,"rep_0075_fit_rate_state.rds"
"rate_state","ou",76,3076,1000826,3856,6.61840695142746,TRUE,FALSE,42,0,"fitted",NA,"rep_0076_fit_ou.rds"
"rate_state","mse",76,3076,1000827,3856,17.6828282674154,FALSE,TRUE,100,0,"fitted",NA,"rep_0076_fit_mse.rds"
"rate_state","rate_state",76,3076,1000828,3856,5.65735400120417,TRUE,FALSE,35,0,"fitted",NA,"rep_0076_fit_rate_state.rds"
"rate_state","ou",77,3077,1000829,1982,2.00121973355611,TRUE,FALSE,31,0,"existing",NA,"rep_0077_fit_ou.rds"
"rate_state","mse",77,3077,1000830,1982,0.34467046658198,TRUE,FALSE,4,0,"existing",NA,"rep_0077_fit_mse.rds"
"rate_state","rate_state",77,3077,1000831,1982,0.399185450871785,TRUE,FALSE,5,1,"existing",NA,"rep_0077_fit_rate_state.rds"
"rate_state","ou",78,3078,1000832,6334,13.7278514504433,TRUE,FALSE,49,0,"existing",NA,"rep_0078_fit_ou.rds"
"rate_state","mse",78,3078,1000833,6334,35.931968152523,FALSE,TRUE,100,0,"fitted",NA,"rep_0078_fit_mse.rds"
"rate_state","rate_state",78,3078,1000834,6334,13.2045114159584,TRUE,FALSE,39,0,"fitted",NA,"rep_0078_fit_rate_state.rds"
"rate_state","ou",79,3079,1000835,2156,2.11553310155869,TRUE,FALSE,27,0,"fitted",NA,"rep_0079_fit_ou.rds"
"rate_state","mse",79,3079,1000836,2156,0.819028329849243,TRUE,FALSE,7,0,"fitted",NA,"rep_0079_fit_mse.rds"
"rate_state","rate_state",79,3079,1000837,2156,0.879179747899373,TRUE,FALSE,8,1,"fitted",NA,"rep_0079_fit_rate_state.rds"
"rate_state","ou",80,3080,1000838,2707,3.87062136729558,TRUE,FALSE,37,0,"existing",NA,"rep_0080_fit_ou.rds"
"rate_state","mse",80,3080,1000839,2707,4.82140365044276,TRUE,FALSE,40,0,"existing",NA,"rep_0080_fit_mse.rds"
"rate_state","rate_state",80,3080,1000840,2707,3.73599583307902,TRUE,FALSE,33,0,"existing",NA,"rep_0080_fit_rate_state.rds"
"rate_state","ou",81,3081,1000841,2031,2.23318753242493,TRUE,FALSE,28,0,"fitted",NA,"rep_0081_fit_ou.rds"
"rate_state","mse",81,3081,1000842,2031,3.48857887983322,TRUE,FALSE,39,0,"fitted",NA,"rep_0081_fit_mse.rds"
"rate_state","rate_state",81,3081,1000843,2031,2.07460680007935,TRUE,FALSE,28,0,"fitted",NA,"rep_0081_fit_rate_state.rds"
"rate_state","ou",82,3082,1000844,2153,2.24430958032608,TRUE,FALSE,30,0,"fitted",NA,"rep_0082_fit_ou.rds"
"rate_state","mse",82,3082,1000845,2153,3.24767739772797,TRUE,FALSE,36,0,"fitted",NA,"rep_0082_fit_mse.rds"
"rate_state","rate_state",82,3082,1000846,2153,3.01808476448059,TRUE,FALSE,39,0,"fitted",NA,"rep_0082_fit_rate_state.rds"
"rate_state","ou",83,3083,1000847,1527,1.41137615044912,TRUE,FALSE,23,0,"fitted",NA,"rep_0083_fit_ou.rds"
"rate_state","mse",83,3083,1000848,1527,0.831416285037994,TRUE,FALSE,12,0,"fitted",NA,"rep_0083_fit_mse.rds"
"rate_state","rate_state",83,3083,1000849,1527,2.30829406579336,TRUE,FALSE,40,0,"fitted",NA,"rep_0083_fit_rate_state.rds"
"rate_state","ou",84,3084,1000850,1317,1.32534776926041,TRUE,FALSE,24,0,"fitted",NA,"rep_0084_fit_ou.rds"
"rate_state","mse",84,3084,1000851,1317,0.455370136102041,TRUE,FALSE,7,0,"fitted",NA,"rep_0084_fit_mse.rds"
"rate_state","rate_state",84,3084,1000852,1317,1.70007184743881,TRUE,FALSE,32,0,"fitted",NA,"rep_0084_fit_rate_state.rds"
"rate_state","ou",85,3085,1000853,1419,1.33690285285314,TRUE,FALSE,25,0,"fitted",NA,"rep_0085_fit_ou.rds"
"rate_state","mse",85,3085,1000854,1419,0.523390098412832,TRUE,FALSE,8,0,"fitted",NA,"rep_0085_fit_mse.rds"
"rate_state","rate_state",85,3085,1000855,1419,0.545445501804352,TRUE,FALSE,8,1,"fitted",NA,"rep_0085_fit_rate_state.rds"
"rate_state","ou",86,3086,1000856,3688,7.07160688241323,TRUE,FALSE,49,0,"fitted",NA,"rep_0086_fit_ou.rds"
"rate_state","mse",86,3086,1000857,3688,7.36953726609548,TRUE,FALSE,43,0,"fitted",NA,"rep_0086_fit_mse.rds"
"rate_state","rate_state",86,3086,1000858,3688,6.24203248421351,TRUE,FALSE,37,0,"fitted",NA,"rep_0086_fit_rate_state.rds"
"rate_state","ou",87,3087,1000859,1580,1.31298923492432,TRUE,FALSE,22,0,"fitted",NA,"rep_0087_fit_ou.rds"
"rate_state","mse",87,3087,1000860,1580,6.41882306734721,TRUE,FALSE,100,0,"fitted",NA,"rep_0087_fit_mse.rds"
"rate_state","rate_state",87,3087,1000861,1580,2.29242851734161,TRUE,FALSE,39,0,"fitted",NA,"rep_0087_fit_rate_state.rds"
"rate_state","ou",88,3088,1000862,1606,1.4195271174113,TRUE,FALSE,23,0,"fitted",NA,"rep_0088_fit_ou.rds"
"rate_state","mse",88,3088,1000863,1606,7.66642355124156,FALSE,TRUE,100,0,"fitted",NA,"rep_0088_fit_mse.rds"
"rate_state","rate_state",88,3088,1000864,1606,2.27583411534627,TRUE,FALSE,38,2,"fitted",NA,"rep_0088_fit_rate_state.rds"
"rate_state","ou",89,3089,1000865,1477,1.71678728262583,TRUE,FALSE,28,0,"fitted",NA,"rep_0089_fit_ou.rds"
"rate_state","mse",89,3089,1000866,1477,1.7639191031456,TRUE,FALSE,27,0,"fitted",NA,"rep_0089_fit_mse.rds"
"rate_state","rate_state",89,3089,1000867,1477,1.3547351360321,TRUE,FALSE,24,0,"fitted",NA,"rep_0089_fit_rate_state.rds"
"rate_state","ou",90,3090,1000868,2625,3.55613216559092,TRUE,FALSE,33,0,"fitted",NA,"rep_0090_fit_ou.rds"
"rate_state","mse",90,3090,1000869,2625,0.537219333648682,TRUE,FALSE,4,0,"fitted",NA,"rep_0090_fit_mse.rds"
"rate_state","rate_state",90,3090,1000870,2625,0.765303699175517,TRUE,FALSE,6,1,"fitted",NA,"rep_0090_fit_rate_state.rds"
"rate_state","ou",91,3091,1000871,1433,1.66819668610891,TRUE,FALSE,27,0,"fitted",NA,"rep_0091_fit_ou.rds"
"rate_state","mse",91,3091,1000872,1433,2.66386096874873,TRUE,FALSE,42,0,"fitted",NA,"rep_0091_fit_mse.rds"
"rate_state","rate_state",91,3091,1000873,1433,0.436883648236593,TRUE,FALSE,7,1,"fitted",NA,"rep_0091_fit_rate_state.rds"
"rate_state","ou",92,3092,1000874,1576,1.86644219954809,TRUE,FALSE,29,0,"fitted",NA,"rep_0092_fit_ou.rds"
"rate_state","mse",92,3092,1000875,1576,6.81259383360545,FALSE,TRUE,100,0,"fitted",NA,"rep_0092_fit_mse.rds"
"rate_state","rate_state",92,3092,1000876,1576,1.58595723311106,TRUE,FALSE,27,0,"fitted",NA,"rep_0092_fit_rate_state.rds"
"rate_state","ou",93,3093,1000877,1809,1.51267295281092,TRUE,FALSE,21,0,"fitted",NA,"rep_0093_fit_ou.rds"
"rate_state","mse",93,3093,1000878,1809,7.86007636785507,FALSE,TRUE,100,0,"fitted",NA,"rep_0093_fit_mse.rds"
"rate_state","rate_state",93,3093,1000879,1809,0.739033631483714,TRUE,FALSE,8,1,"fitted",NA,"rep_0093_fit_rate_state.rds"
"rate_state","ou",94,3094,1000880,2998,3.81513650019964,TRUE,FALSE,31,0,"fitted",NA,"rep_0094_fit_ou.rds"
"rate_state","mse",94,3094,1000881,2998,4.9919127980868,TRUE,FALSE,42,0,"fitted",NA,"rep_0094_fit_mse.rds"
"rate_state","rate_state",94,3094,1000882,2998,3.67980800072352,TRUE,FALSE,37,0,"fitted",NA,"rep_0094_fit_rate_state.rds"
"rate_state","ou",95,3095,1000883,1788,1.71205559968948,TRUE,FALSE,25,0,"fitted",NA,"rep_0095_fit_ou.rds"
"rate_state","mse",95,3095,1000884,1788,7.31805811723073,FALSE,TRUE,100,0,"fitted",NA,"rep_0095_fit_mse.rds"
"rate_state","rate_state",95,3095,1000885,1788,2.75612446864446,TRUE,FALSE,37,0,"fitted",NA,"rep_0095_fit_rate_state.rds"
"rate_state","ou",96,3096,1000886,2625,4.2740648150444,TRUE,FALSE,37,0,"fitted",NA,"rep_0096_fit_ou.rds"
"rate_state","mse",96,3096,1000887,2625,5.58951391776403,TRUE,FALSE,51,0,"fitted",NA,"rep_0096_fit_mse.rds"
"rate_state","rate_state",96,3096,1000888,2625,2.49158566792806,TRUE,FALSE,32,0,"fitted",NA,"rep_0096_fit_rate_state.rds"
"rate_state","ou",97,3097,1000889,3934,5.03534716765086,TRUE,FALSE,43,0,"fitted",NA,"rep_0097_fit_ou.rds"
"rate_state","mse",97,3097,1000890,3934,12.4780399998029,FALSE,TRUE,100,0,"fitted",NA,"rep_0097_fit_mse.rds"
"rate_state","rate_state",97,3097,1000891,3934,4.2197275797526,TRUE,FALSE,37,0,"fitted",NA,"rep_0097_fit_rate_state.rds"
"rate_state","ou",98,3098,1000892,2995,5.58836785157522,TRUE,FALSE,41,0,"fitted",NA,"rep_0098_fit_ou.rds"
"rate_state","mse",98,3098,1000893,2995,10.7276209314664,FALSE,TRUE,100,0,"fitted",NA,"rep_0098_fit_mse.rds"
"rate_state","rate_state",98,3098,1000894,2995,2.74782447020213,TRUE,FALSE,33,0,"fitted",NA,"rep_0098_fit_rate_state.rds"
"rate_state","ou",99,3099,1000895,2458,2.03733678261439,TRUE,FALSE,33,0,"fitted",NA,"rep_0099_fit_ou.rds"
"rate_state","mse",99,3099,1000896,2458,6.94194535017014,FALSE,TRUE,100,0,"fitted",NA,"rep_0099_fit_mse.rds"
"rate_state","rate_state",99,3099,1000897,2458,0.359648430347443,TRUE,FALSE,5,1,"fitted",NA,"rep_0099_fit_rate_state.rds"
"rate_state","ou",100,3100,1000898,3863,4.52987493276596,TRUE,FALSE,43,0,"fitted",NA,"rep_0100_fit_ou.rds"
"rate_state","mse",100,3100,1000899,3863,10.1624496499697,FALSE,TRUE,100,0,"fitted",NA,"rep_0100_fit_mse.rds"
"rate_state","rate_state",100,3100,1000900,3863,2.9770426829656,TRUE,FALSE,35,0,"fitted",NA,"rep_0100_fit_rate_state.rds"
